SRA_ID, ORGANISM, NCBI_TAXID, STRATEGY, PLATFORM, TYPE, READ_LENGTH, READS, SPOTS, BASES
131116, Oesophagostomum dentatum, 61180, RNA-Seq, Illumina Genome Analyzer IIx, PAIRED, 160, 984319508, 20121506, 20121506
131114, Oesophagostomum dentatum, 61180, RNA-Seq, Illumina Genome Analyzer IIx, PAIRED, 160, 2113776799, 21440437, 21440437
181340, Caenorhabditis elegans, 6239, RNA-Seq, Illumina HiSeq 2000, PAIRED, , 7562229402, 50244770, 50244770
201727, Rhipicephalus pulchellus, 72859, RNA-Seq, Illumina HiSeq 2000, PAIRED, 100, 9276429428, 69607806, 69607806
326487, , 6289, RNA-Seq, Illumina HiSeq 2000, PAIRED, 350, 869999885, 5537914, 5537914
326486, , 6289, RNA-Seq, Illumina HiSeq 2000, PAIRED, 350, 1044705421, 6819091, 6819091
326485, , 6289, RNA-Seq, Illumina HiSeq 2000, PAIRED, 350, 1171232642, 7624240, 7624240
326484, , 6289, RNA-Seq, Illumina HiSeq 2000, PAIRED, 350, 891229775, 5793613, 5793613
326482, , 6289, RNA-Seq, Illumina HiSeq 2000, PAIRED, 350, 862401726, 5606361, 5606361
326489, , 6289, RNA-Seq, Illumina HiSeq 2000, PAIRED, 350, 889384002, 5734664, 5734664
326488, , 6289, RNA-Seq, Illumina HiSeq 2000, PAIRED, 350, 1041520337, 6717963, 6717963
97152, Schmidtea mediterranea, 79327, RNA-Seq, Illumina Genome Analyzer II, PAIRED, 90, 841450055, 23720712, 23720712
97150, Schmidtea mediterranea, 79327, RNA-Seq, Illumina Genome Analyzer II, PAIRED, 85, 823943187, 24250265, 24250265
198710, Strongyloides stercoralis, 6248, RNA-Seq, Illumina HiSeq 2000, PAIRED, 177, 10659028433, 75330900, 75330900
307736, , 85433, RNA-Seq, Illumina Genome Analyzer II, PAIRED, 350, 3278301186, 31505979, 31505979
307737, , 85433, RNA-Seq, Illumina Genome Analyzer II, PAIRED, 350, 2564560179, 23944234, 23944234
450317, Caenorhabditis elegans, 6239, RNA-Seq, Illumina Genome Analyzer IIx, PAIRED, 166, 2460577392, 23246239, 23246239
285440, , 45949, RNA-Seq, Illumina Genome Analyzer IIx, PAIRED, 200, 2147673342, 33543565, 33543565
285158, Pontastacus leptodactylus, 6717, RNA-Seq, Illumina HiSeq 2000, PAIRED, , 10857964274, 81763487, 81763487
517119, , 34506, RNA-Seq, Illumina HiSeq 2000, PAIRED, 350, 8894825953, 58290540, 58290540
517118, , 34506, RNA-Seq, Illumina HiSeq 2000, PAIRED, 350, 8516648246, 51695906, 51695906
67369, Clonorchis sinensis, 79923, RNA-Seq, Illumina Genome Analyzer IIx, PAIRED, 200, 2485214532, 31965154, 31965154
529970, Schistosoma mansoni, 6183, RNA-Seq, Illumina HiSeq 2000, PAIRED, , 2537764589, 18243370, 18243370
529971, Schistosoma mansoni, 6183, RNA-Seq, Illumina HiSeq 2000, PAIRED, , 2324811425, 16708197, 16708197
529972, Schistosoma mansoni, 6183, RNA-Seq, Illumina HiSeq 2000, PAIRED, , 2679332211, 19240675, 19240675
529973, Schistosoma mansoni, 6183, RNA-Seq, Illumina HiSeq 2000, PAIRED, , 2634160892, 18946080, 18946080
246622, Patiria miniata, 46514, RNA-Seq, Illumina HiSeq 1000, PAIRED, 350, 7045605996, 64578525, 64578525
326483, , 6289, RNA-Seq, Illumina HiSeq 2000, PAIRED, 350, 1133826601, 7351930, 7351930
182848, Parastichopus parvimensis, 7690, RNA-Seq, Illumina Genome Analyzer II, PAIRED, 72, 3944079359, 44320723, 44320723
326481, , 6289, RNA-Seq, Illumina HiSeq 2000, PAIRED, 350, 977337237, 6264884, 6264884
326480, , 6289, RNA-Seq, Illumina HiSeq 2000, PAIRED, 350, 1234283218, 7982848, 7982848
238508, Caenorhabditis elegans, 6239, RNA-Seq, Illumina Genome Analyzer IIx, PAIRED, 155, 2639230116, 24364676, 24364676
238509, Caenorhabditis elegans, 6239, RNA-Seq, Illumina Genome Analyzer IIx, PAIRED, 320, 2878938414, 26040051, 26040051
214880, Strongylocentrotus purpuratus, 7668, RNA-Seq, Illumina Genome Analyzer IIx, PAIRED, 200, 3310289952, 38306817, 38306817
307040, , 6280, RNA-Seq, Illumina HiSeq 2000, PAIRED, 350, 1657190643, 11540107, 11540107
97145, Schmidtea mediterranea, 79327, RNA-Seq, Illumina Genome Analyzer II, PAIRED, 91, 652386298, 20600012, 20600012
97142, Schmidtea mediterranea, 79327, RNA-Seq, Illumina Genome Analyzer II, PAIRED, 98, 716842122, 21618743, 21618743
97143, Schmidtea mediterranea, 79327, RNA-Seq, Illumina Genome Analyzer II, PAIRED, 103, 829406360, 24298493, 24298493
97148, Schmidtea mediterranea, 79327, RNA-Seq, Illumina Genome Analyzer II, PAIRED, 88, 823817287, 24874216, 24874216
97149, Schmidtea mediterranea, 79327, RNA-Seq, Illumina Genome Analyzer II, PAIRED, 100, 1038180639, 28837238, 28837238
515052, Caenorhabditis elegans, 6239, RNA-Seq, Illumina HiSeq 2000, PAIRED, , 9700351144, 72565372, 72565372
515053, Caenorhabditis elegans, 6239, RNA-Seq, Illumina HiSeq 2000, PAIRED, , 18340621586, 127880141, 127880141
351850, Hormogaster elisae, 452200, RNA-Seq, Illumina HiSeq 2000, PAIRED, 307, 2435042347, 19218285, 19218285
376070, Aplysia californica, 6500, RNA-Seq, Illumina HiSeq 2000, PAIRED, , 3489795718, 25306937, 25306937
285300, Caenorhabditis elegans, 6239, RNA-Seq, Illumina Genome Analyzer IIx, PAIRED, , 1771253751, 27592737, 27592737
285301, Caenorhabditis elegans, 6239, RNA-Seq, Illumina Genome Analyzer IIx, PAIRED, , 2025610786, 30672487, 30672487
244541, , 6239, RNA-Seq, Illumina HiSeq 2000, PAIRED, , 663667385, 10143510, 10143510
395139, , 6253, RNA-Seq, Illumina HiSeq 2000, PAIRED, 370, 2232868644, 17034408, 17034408
395138, , 6253, RNA-Seq, Illumina HiSeq 2000, PAIRED, 434, 2808707353, 21343564, 21343564
395134, , 6253, RNA-Seq, Illumina HiSeq 2000, PAIRED, 281, 14341987170, 104981507, 104981507
395137, , 6253, RNA-Seq, Illumina HiSeq 2000, PAIRED, 372, 2841721260, 21637972, 21637972
395136, , 6253, RNA-Seq, Illumina HiSeq 2000, PAIRED, 361, 1978715800, 15003444, 15003444
395133, , 6253, RNA-Seq, Illumina HiSeq 2000, PAIRED, 431, 3601599134, 27372519, 27372519
529969, Schistosoma mansoni, 6183, RNA-Seq, Illumina HiSeq 2000, PAIRED, , 2607196909, 18854453, 18854453
224222, , 7668, RNA-Seq, Illumina Genome Analyzer IIx, PAIRED, 200, 3480493498, 39519362, 39519362
224220, , 7668, RNA-Seq, Illumina Genome Analyzer IIx, PAIRED, 200, 3565293815, 39895645, 39895645
224221, , 7668, RNA-Seq, Illumina Genome Analyzer IIx, PAIRED, 200, 2033389553, 23677721, 23677721
224226, , 7668, RNA-Seq, Illumina Genome Analyzer IIx, PAIRED, 200, 3721591684, 40709340, 40709340
224227, , 7668, RNA-Seq, Illumina Genome Analyzer IIx, PAIRED, 200, 2489063248, 28122179, 28122179
145798, Caenorhabditis briggsae AF16, 473542, RNA-Seq, Illumina Genome Analyzer II, PAIRED, 200, 495047394, 11441628, 11441628
238511, Caenorhabditis elegans, 6239, RNA-Seq, Illumina Genome Analyzer IIx, PAIRED, 595, 1828352460, 23760240, 23760240
238510, Caenorhabditis elegans, 6239, RNA-Seq, Illumina Genome Analyzer IIx, PAIRED, 480, 2525076001, 32472553, 32472553
115906, Pandalus latirostris, 362708, RNA-Seq, Illumina Genome Analyzer II, PAIRED, , 8091603108, 51739586, 51739586
115907, Pandalus latirostris, 362708, RNA-Seq, Illumina Genome Analyzer II, PAIRED, , 9138555244, 58409677, 58409677
515044, Caenorhabditis elegans, 6239, RNA-Seq, Illumina HiSeq 2000, PAIRED, , 3213054874, 22229137, 22229137
145000, Mytilus galloprovincialis, 29158, RNA-Seq, Illumina Genome Analyzer II, PAIRED, , 561715711, 4475717, 4475717
120891, Caenorhabditis elegans, 6239, RNA-Seq, Illumina HiSeq 2000, PAIRED, , 4145792791, 31396982, 31396982
120893, Caenorhabditis elegans, 6239, RNA-Seq, Illumina HiSeq 2000, PAIRED, , 702001798, 5093861, 5093861
300293, Pontastacus leptodactylus, 6717, RNA-Seq, Illumina HiSeq 2000, PAIRED, 200, 20405406530, 148056148, 148056148
337711, , 6209, RNA-Seq, Illumina Genome Analyzer II, PAIRED, 350, 1329109116, 18566482, 18566482
379242, Ascaris suum, 6253, RNA-Seq, Illumina MiSeq, PAIRED, , 2044571901, 8965412, 8965412
337710, , 6211, RNA-Seq, Illumina HiSeq 2000, PAIRED, 350, 2415890705, 15919360, 15919360
337712, , 6211, RNA-Seq, Illumina Genome Analyzer II, PAIRED, 350, 2997752651, 27843541, 27843541
280607, , 36090, RNA-Seq, Illumina HiSeq 2000, PAIRED, 200, 1415350453, 9661529, 9661529
298447, Poecilosclerida, 27925, RNA-Seq, Illumina Genome Analyzer II, PAIRED, 101, 1111024597, 13256767, 13256767
243437, Caenorhabditis elegans, 6239, RNA-Seq, Illumina HiSeq 2000, PAIRED, , 6029194871, 130840321, 130840321
243438, , 6239, RNA-Seq, Illumina HiSeq 2000, PAIRED, , 5657172217, 127457213, 127457213
243439, , 6239, RNA-Seq, Illumina HiSeq 2000, PAIRED, , 11997205753, 265233881, 265233881
614276, , 6239, RNA-Seq, Illumina Genome Analyzer II, PAIRED, 281, 4171316790, 32809423, 32809423
224231, , 7668, RNA-Seq, Illumina Genome Analyzer IIx, PAIRED, 200, 2939503375, 33287031, 33287031
224230, , 7668, RNA-Seq, Illumina Genome Analyzer IIx, PAIRED, 200, 2047700894, 23572854, 23572854
224233, , 7668, RNA-Seq, Illumina Genome Analyzer IIx, PAIRED, 200, 4383761839, 46458575, 46458575
224232, , 7668, RNA-Seq, Illumina Genome Analyzer IIx, PAIRED, 200, 3080687564, 36339379, 36339379
224234, , 7668, RNA-Seq, Illumina Genome Analyzer IIx, PAIRED, 200, 1216752409, 15375850, 15375850
224237, , 7668, RNA-Seq, Illumina Genome Analyzer IIx, PAIRED, 200, 3136290384, 34500904, 34500904
224236, , 7668, RNA-Seq, Illumina Genome Analyzer IIx, PAIRED, 200, 3821191406, 40987847, 40987847
138046, Tetraclita japonica, 240496, RNA-Seq, Illumina HiSeq 2000, PAIRED, 200, 2869411201, 26256871, 26256871
475693, Schmidtea mediterranea, 79327, RNA-Seq, Illumina HiSeq 2000, PAIRED, 200, 26737466831, 202418055, 202418055
450315, Caenorhabditis elegans, 6239, RNA-Seq, Illumina Genome Analyzer IIx, PAIRED, 166, 2572398270, 24145595, 24145595
214648, Caenorhabditis elegans, 6239, RNA-Seq, Illumina HiSeq 2000, PAIRED, , 5939023794, 133549619, 133549619
276251, Hormogaster samnitica, 991110, RNA-Seq, Illumina Genome Analyzer II, PAIRED, 447, 4505671277, 26978390, 26978390
450318, Caenorhabditis elegans, 6239, RNA-Seq, Illumina Genome Analyzer IIx, PAIRED, 166, 2751567878, 25953543, 25953543
86905, Ruditapes philippinarum, 129788, RNA-Seq, Illumina Genome Analyzer IIx, PAIRED, 105, 119185339, 1841061, 1841061
130379, Panonychus citri, 50023, RNA-Seq, Illumina HiSeq 2000, PAIRED, , 120702166, 3618325, 3618325
351851, Hormogaster elisae, 452200, RNA-Seq, Illumina HiSeq 2000, PAIRED, 268, 3762605955, 30004969, 30004969
191000, Caenorhabditis elegans, 6239, RNA-Seq, Illumina HiSeq 2000, PAIRED, , 1493590449, 11363982, 11363982
183774, Fascioloides magna, 394415, RNA-Seq, Illumina Genome Analyzer IIx, PAIRED, 300, 2998898640, 27002004, 27002004
191018, Caenorhabditis elegans, 6239, RNA-Seq, Illumina HiSeq 2000, PAIRED, , 3323028304, 22846574, 22846574
191019, Caenorhabditis elegans, 6239, RNA-Seq, Illumina HiSeq 2000, PAIRED, , 1072790244, 8056413, 8056413
145799, Caenorhabditis briggsae AF16, 473542, RNA-Seq, Illumina Genome Analyzer II, PAIRED, 200, 526308054, 12643306, 12643306
224235, , 7668, RNA-Seq, Illumina Genome Analyzer IIx, PAIRED, 200, 3452532106, 39172735, 39172735
514816, Caenorhabditis elegans, 6239, RNA-Seq, Illumina HiSeq 2000, PAIRED, , 14177384980, 110955988, 110955988
514815, Caenorhabditis elegans, 6239, RNA-Seq, Illumina HiSeq 2000, PAIRED, , 3069067024, 22112332, 22112332
376455, , 51031, RNA-Seq, Illumina MiSeq, PAIRED, 398, 4447414698, 26116502, 26116502
376454, , 51031, RNA-Seq, Illumina MiSeq, PAIRED, 385, 3838689076, 23701376, 23701376
307802, , 34506, RNA-Seq, Illumina Genome Analyzer II, PAIRED, 343, 2483036260, 38492971, 38492971
395150, , 6253, RNA-Seq, Illumina HiSeq 2000, PAIRED, 401, 2510713062, 19053977, 19053977
144997, Mytilus galloprovincialis, 29158, RNA-Seq, Illumina Genome Analyzer II, PAIRED, , 1044769202, 7893239, 7893239
144996, Mytilus galloprovincialis, 29158, RNA-Seq, Illumina Genome Analyzer II, PAIRED, , 1171994730, 8886701, 8886701
144995, Mytilus galloprovincialis, 29158, RNA-Seq, Illumina Genome Analyzer II, PAIRED, 100, 435615607, 3290857, 3290857
181300, Caenorhabditis elegans, 6239, RNA-Seq, Illumina HiSeq 2000, PAIRED, , 20022254709, 193007956, 193007956
525415, Strongylocentrotus purpuratus, 7668, RNA-Seq, Illumina HiSeq 2000, PAIRED, , 3046368089, 41274753, 41274753
246592, Patiria miniata, 46514, RNA-Seq, Illumina HiSeq 1000, PAIRED, 350, 30328371921, 226595571, 226595571
483837, Theridion grallator, 233488, RNA-Seq, Illumina Genome Analyzer II, PAIRED, 250, 215952077, 5320607, 5320607
483839, Theridion grallator, 233488, RNA-Seq, Illumina HiSeq 2000, PAIRED, 250, 4163920947, 79362589, 79362589
266557, Trichinella spiralis, 6334, RNA-Seq, Illumina HiSeq 2000, PAIRED, , 988900181, 14331352, 14331352
337633, , 6454, RNA-Seq, Illumina Genome Analyzer, PAIRED, 76, 6257752732, 67755310, 67755310
624507, Macrobrachium rosenbergii, 79674, RNA-Seq, Illumina HiSeq 2000, PAIRED, 200, 15756006, 166351, 166351
483841, Theridion grallator, 233488, RNA-Seq, Illumina Genome Analyzer II, PAIRED, 250, 9075889294, 100332747, 100332747
190998, Caenorhabditis elegans, 6239, RNA-Seq, Illumina HiSeq 2000, PAIRED, , 2301686141, 17402820, 17402820
190999, Caenorhabditis elegans, 6239, RNA-Seq, Illumina HiSeq 2000, PAIRED, , 2585445498, 17749924, 17749924
86898, Ruditapes philippinarum, 129788, RNA-Seq, Illumina Genome Analyzer IIx, PAIRED, 105, 140431841, 1334656, 1334656
86899, Ruditapes philippinarum, 129788, RNA-Seq, Illumina Genome Analyzer IIx, PAIRED, 105, 146026536, 2135276, 2135276
86894, Ruditapes philippinarum, 129788, RNA-Seq, Illumina Genome Analyzer IIx, PAIRED, 105, 233036713, 2250235, 2250235
86895, Ruditapes philippinarum, 129788, RNA-Seq, Illumina Genome Analyzer IIx, PAIRED, 105, 176848450, 2605767, 2605767
86896, Ruditapes philippinarum, 129788, RNA-Seq, Illumina Genome Analyzer IIx, PAIRED, 105, 136179006, 1305492, 1305492
86897, Ruditapes philippinarum, 129788, RNA-Seq, Illumina Genome Analyzer IIx, PAIRED, 105, 161450100, 2373361, 2373361
406664, , 70415, RNA-Seq, Illumina HiSeq 2000, PAIRED, 350, 2704612095, 16599639, 16599639
406665, , 70415, RNA-Seq, Illumina HiSeq 2000, PAIRED, 350, 2643598870, 15950215, 15950215
406666, , 70415, RNA-Seq, Illumina HiSeq 2000, PAIRED, 350, 2558598633, 15509099, 15509099
406667, , 70415, RNA-Seq, Illumina HiSeq 2000, PAIRED, 350, 3298162064, 20065571, 20065571
406660, , 70415, RNA-Seq, Illumina Genome Analyzer II, PAIRED, 350, 4819287710, 28676933, 28676933
406661, , 70415, RNA-Seq, Illumina Genome Analyzer II, PAIRED, 350, 4529991794, 31633979, 31633979
406662, , 70415, RNA-Seq, Illumina HiSeq 2000, PAIRED, 350, 3338902382, 20319195, 20319195
406663, , 70415, RNA-Seq, Illumina HiSeq 2000, PAIRED, 350, 3285876231, 20104218, 20104218
406668, , 70415, RNA-Seq, Illumina HiSeq 2000, PAIRED, 350, 2524242104, 15264833, 15264833
406669, , 70415, RNA-Seq, Illumina HiSeq 2000, PAIRED, 350, 3150533505, 19116188, 19116188
191003, Caenorhabditis elegans, 6239, RNA-Seq, Illumina HiSeq 2000, PAIRED, , 7047539003, 48972636, 48972636
514319, Pugilina cochlidium, 1260986, RNA-Seq, Illumina Genome Analyzer IIx, PAIRED, , 2979831097, 33772545, 33772545
191008, Caenorhabditis elegans, 6239, RNA-Seq, Illumina HiSeq 2000, PAIRED, , 2217847128, 15446419, 15446419
197675, Pomatoceros lamarckii, 344931, RNA-Seq, Illumina Genome Analyzer II, PAIRED, 320, 2058665728, 36458077, 36458077
553838, Strongylocentrotus purpuratus, 7668, RNA-Seq, Illumina HiSeq 2000, PAIRED, , 2213283512, 32833745, 32833745
428695, , 34506, RNA-Seq, Illumina HiSeq 2000, PAIRED, 350, 2711123799, 19629127, 19629127
561048, Crassostrea gigas, 29159, RNA-Seq, Illumina HiSeq 2000, PAIRED, , 1421362666, 25542180, 25542180
190191, Argulus siamensis, 1167309, RNA-Seq, Illumina HiSeq 2000, PAIRED, 300, 10029650309, 77759443, 77759443
257476, Hermodice carunculata, 259844, RNA-Seq, Illumina HiSeq 1000, PAIRED, 76, 23764705625, 213277962, 213277962
395162, , 6253, RNA-Seq, Illumina HiSeq 2000, PAIRED, 352, 3383576584, 25654821, 25654821
395163, , 6253, RNA-Seq, Illumina HiSeq 2000, PAIRED, 376, 17061184, 129371, 129371
395160, , 6253, RNA-Seq, Illumina HiSeq 2000, PAIRED, 344, 2172563669, 16457571, 16457571
395161, , 6253, RNA-Seq, Illumina HiSeq 2000, PAIRED, 372, 2414392493, 18238363, 18238363
395166, , 6253, RNA-Seq, Illumina HiSeq 2000, PAIRED, 402, 2765492732, 21060448, 21060448
395167, , 6253, RNA-Seq, Illumina HiSeq 2000, PAIRED, 389, 2493940680, 18907843, 18907843
395164, , 6253, RNA-Seq, Illumina HiSeq 2000, PAIRED, 368, 1186823026, 9017530, 9017530
395165, , 6253, RNA-Seq, Illumina HiSeq 2000, PAIRED, 413, 2924960576, 22166123, 22166123
192916, Ascaris suum, 6253, RNA-Seq, Illumina Genome Analyzer II, PAIRED, 350, 1263718473, 11400241, 11400241
192917, Ascaris suum, 6253, RNA-Seq, Illumina Genome Analyzer II, PAIRED, 350, 1206815729, 10166982, 10166982
192911, Ascaris suum, 6253, RNA-Seq, Illumina Genome Analyzer II, PAIRED, 350, 1759232878, 13618479, 13618479
424416, Macrobrachium rosenbergii, 79674, RNA-Seq, Illumina HiSeq 2000, PAIRED, 200, 336021, 1976, 1976
424415, Macrobrachium rosenbergii, 79674, RNA-Seq, Illumina HiSeq 2000, PAIRED, 200, 303910, 1588, 1588
489011, , 6211, RNA-Seq, Illumina HiSeq 2000, PAIRED, 350, 1593235202, 10679339, 10679339
424413, Macrobrachium rosenbergii, 79674, RNA-Seq, Illumina HiSeq 2000, PAIRED, 200, 271215, 1240, 1240
489017, , 6211, RNA-Seq, Illumina HiSeq 2000, PAIRED, 350, 2032894827, 13652902, 13652902
489014, , 6211, RNA-Seq, Illumina HiSeq 2000, PAIRED, 350, 1621313157, 10905227, 10905227
550931, Litopenaeus vannamei, 6689, RNA-Seq, Illumina HiSeq 2000, PAIRED, 200, 3484654651, 26951393, 26951393
530882, , 29172, RNA-Seq, Illumina HiSeq 2000, PAIRED, 368, 4968819829, 33940923, 33940923
530883, , 29172, RNA-Seq, Illumina HiSeq 2000, PAIRED, 357, 6191523142, 42185390, 42185390
530880, , 29172, RNA-Seq, Illumina HiSeq 2000, PAIRED, 365, 5145346172, 35135621, 35135621
530881, , 29172, RNA-Seq, Illumina HiSeq 2000, PAIRED, 388, 6257612687, 42573371, 42573371
224219, , 7668, RNA-Seq, Illumina Genome Analyzer IIx, PAIRED, 200, 2364707501, 28625343, 28625343
224218, , 7668, RNA-Seq, Illumina Genome Analyzer IIx, PAIRED, 200, 4037799639, 44674422, 44674422
472446, Schmidtea mediterranea, 79327, RNA-Seq, Illumina HiSeq 2000, PAIRED, 185, 16868833537, 166826215, 166826215
201774, Rhipicephalus pulchellus, 72859, RNA-Seq, Illumina HiSeq 2000, PAIRED, 100, 6745833312, 51006758, 51006758
469226, Rhizoglyphus robini, 223528, RNA-Seq, Illumina HiSeq 2000, PAIRED, 100, 8346583908, 58102394, 58102394
469225, Rhizoglyphus robini, 223528, RNA-Seq, Illumina HiSeq 2000, PAIRED, 100, 3398608626, 23728371, 23728371
523392, Evechinus chloroticus, 137513, RNA-Seq, Illumina HiSeq 2000, PAIRED, , 3219577345, 24399723, 24399723
181301, Caenorhabditis elegans, 6239, RNA-Seq, Illumina HiSeq 2000, PAIRED, , 22008551918, 191658526, 191658526
523391, Evechinus chloroticus, 137513, RNA-Seq, Illumina HiSeq 2000, PAIRED, , 3321771207, 25235370, 25235370
523397, Evechinus chloroticus, 137513, RNA-Seq, Illumina HiSeq 2000, PAIRED, , 2605944489, 19646513, 19646513
523394, Evechinus chloroticus, 137513, RNA-Seq, Illumina HiSeq 2000, PAIRED, , 2002660350, 15196446, 15196446
523395, Evechinus chloroticus, 137513, RNA-Seq, Illumina HiSeq 2000, PAIRED, , 2395999254, 17976947, 17976947
158022, Caenorhabditis elegans, 6239, RNA-Seq, Illumina HiSeq 2000, PAIRED, , 12176071118, 88503754, 88503754
158023, Caenorhabditis elegans, 6239, RNA-Seq, Illumina HiSeq 2000, PAIRED, , 1556994478, 10299069, 10299069
230527, , 95602, RNA-Seq, Illumina Genome Analyzer, PAIRED, , 1999114347, 21307691, 21307691
406673, , 70415, RNA-Seq, Illumina HiSeq 2000, PAIRED, 350, 1648725603, 10240005, 10240005
406672, , 70415, RNA-Seq, Illumina HiSeq 2000, PAIRED, 350, 1524664840, 9521050, 9521050
406671, , 70415, RNA-Seq, Illumina HiSeq 2000, PAIRED, 350, 3187340113, 19445120, 19445120
406670, , 70415, RNA-Seq, Illumina HiSeq 2000, PAIRED, 350, 3480476209, 21288442, 21288442
406677, , 70415, RNA-Seq, Illumina HiSeq 2000, PAIRED, 350, 2074892605, 12876902, 12876902
406676, , 70415, RNA-Seq, Illumina HiSeq 2000, PAIRED, 350, 1793193838, 11116673, 11116673
406675, , 70415, RNA-Seq, Illumina HiSeq 2000, PAIRED, 350, 2040641828, 12608162, 12608162
406674, , 70415, RNA-Seq, Illumina HiSeq 2000, PAIRED, 350, 3175813523, 19715746, 19715746
406679, , 70415, RNA-Seq, Illumina HiSeq 2000, PAIRED, 350, 2298261520, 14287775, 14287775
406678, , 70415, RNA-Seq, Illumina HiSeq 2000, PAIRED, 350, 1612560025, 9999065, 9999065
128374, Schmidtea mediterranea, 79327, RNA-Seq, Illumina Genome Analyzer IIx, PAIRED, 200, 72005013, 2811997, 2811997
128377, Schmidtea mediterranea, 79327, RNA-Seq, Illumina Genome Analyzer IIx, PAIRED, 200, 166777843, 4529559, 4529559
455729, , 1348322, RNA-Seq, Illumina HiSeq 2000, PAIRED, , 3218480858, 48208463, 48208463
455728, Cambala annulata, 1348319, RNA-Seq, Illumina HiSeq 2000, PAIRED, , 2014644614, 29499905, 29499905
455721, Brachycybe lecontii, 1176341, RNA-Seq, Illumina HiSeq 2000, PAIRED, , 1761770254, 27445580, 27445580
455720, , 1348321, RNA-Seq, Illumina HiSeq 2000, PAIRED, , 1578328384, 24546123, 24546123
455722, , 1348325, RNA-Seq, Illumina HiSeq 2000, PAIRED, , 2241210353, 34470090, 34470090
455725, , 1348320, RNA-Seq, Illumina HiSeq 2000, PAIRED, , 1546891639, 23567005, 23567005
455724, , 1348323, RNA-Seq, Illumina HiSeq 2000, PAIRED, , 2068839028, 32233544, 32233544
455727, , 1348327, RNA-Seq, Illumina HiSeq 2000, PAIRED, , 2153220960, 31622533, 31622533
455726, Abacion magnum, 118452, RNA-Seq, Illumina HiSeq 2000, PAIRED, , 2045491838, 31791284, 31791284
395175, , 6253, RNA-Seq, Illumina HiSeq 2000, PAIRED, 432, 4060982083, 29196876, 29196876
395174, , 6253, RNA-Seq, Illumina HiSeq 2000, PAIRED, 281, 9785957275, 73384005, 73384005
395177, , 6253, RNA-Seq, Illumina HiSeq 2000, PAIRED, 281, 7932835707, 59341224, 59341224
395176, , 6253, RNA-Seq, Illumina HiSeq 2000, PAIRED, 360, 4961354544, 37615548, 37615548
395179, , 6253, RNA-Seq, Illumina HiSeq 2000, PAIRED, 366, 2389432522, 18218175, 18218175
395178, , 6253, RNA-Seq, Illumina HiSeq 2000, PAIRED, 377, 4583934073, 34337837, 34337837
511253, Caenorhabditis elegans, 6239, RNA-Seq, Illumina HiSeq 2000, PAIRED, , 23729039929, 173761626, 173761626
107029, Crassostrea gigas, 29159, RNA-Seq, Illumina HiSeq 2000, PAIRED, 200, 2003336197, 16878557, 16878557
126960, , 6500, RNA-Seq, Illumina HiSeq 2000, PAIRED, 450, 4467111777, 37323463, 37323463
181299, Caenorhabditis elegans, 6239, RNA-Seq, Illumina HiSeq 2000, PAIRED, , 15202668470, 141614217, 141614217
181298, Caenorhabditis elegans, 6239, RNA-Seq, Illumina HiSeq 2000, PAIRED, , 12843865529, 111324511, 111324511
181297, Caenorhabditis elegans, 6239, RNA-Seq, Illumina HiSeq 2000, PAIRED, , 16273144956, 163288190, 163288190
182868, Parastichopus parvimensis, 7690, RNA-Seq, Illumina Genome Analyzer II, PAIRED, 72, 3602083727, 42787723, 42787723
140670, Apostichopus japonicus, 307972, RNA-Seq, Illumina HiSeq 2000, PAIRED, 100, 1708978537, 13843377, 13843377
140671, Apostichopus japonicus, 307972, RNA-Seq, Illumina HiSeq 2000, PAIRED, 100, 3338092330, 26885718, 26885718
489058, , 6211, RNA-Seq, Illumina HiSeq 2000, PAIRED, 350, 2248632910, 15151431, 15151431
489059, , 6211, RNA-Seq, Illumina HiSeq 2000, PAIRED, 350, 2368545928, 16055850, 16055850
489056, , 6211, RNA-Seq, Illumina HiSeq 2000, PAIRED, 350, 1655958451, 11140793, 11140793
489057, , 6211, RNA-Seq, Illumina HiSeq 2000, PAIRED, 350, 2196315595, 14922018, 14922018
489054, , 6211, RNA-Seq, Illumina HiSeq 2000, PAIRED, 350, 2283376709, 15376232, 15376232
489055, , 85433, RNA-Seq, Illumina HiSeq 2000, PAIRED, 350, 2709324807, 18806132, 18806132
489052, , 6210, RNA-Seq, Illumina HiSeq 2000, PAIRED, 350, 1886284890, 12844217, 12844217
489053, , 6211, RNA-Seq, Illumina HiSeq 2000, PAIRED, 350, 1904745112, 12855612, 12855612
489050, , 6211, RNA-Seq, Illumina HiSeq 2000, PAIRED, 350, 2403502347, 16375081, 16375081
489051, , 6211, RNA-Seq, Illumina HiSeq 2000, PAIRED, 350, 2546525899, 17332927, 17332927
196961, Eriocheir sinensis, 95602, RNA-Seq, Illumina HiSeq 2000, PAIRED, , 1887469130, 28333938, 28333938
196960, Eriocheir sinensis, 95602, RNA-Seq, Illumina HiSeq 2000, PAIRED, , 1949310083, 29235864, 29235864
196963, Eriocheir sinensis, 95602, RNA-Seq, Illumina HiSeq 2000, PAIRED, , 1945268395, 29312963, 29312963
196962, Eriocheir sinensis, 95602, RNA-Seq, Illumina HiSeq 2000, PAIRED, , 2313861812, 34899071, 34899071
376069, Aplysia californica, 6500, RNA-Seq, Illumina HiSeq 2000, PAIRED, , 3671091791, 26717230, 26717230
376064, Aplysia californica, 6500, RNA-Seq, Illumina HiSeq 2000, PAIRED, , 3008433048, 21812785, 21812785
376065, Aplysia californica, 6500, RNA-Seq, Illumina HiSeq 2000, PAIRED, , 2300679236, 16574607, 16574607
376066, Aplysia californica, 6500, RNA-Seq, Illumina HiSeq 2000, PAIRED, , 3130807574, 22958659, 22958659
376067, Aplysia californica, 6500, RNA-Seq, Illumina HiSeq 2000, PAIRED, , 3427136620, 24831504, 24831504
340459, , 95602, RNA-Seq, Illumina HiSeq 2000, PAIRED, 100, 2896704461, 22383783, 22383783
387968, Botryllus schlosseri, 30301, RNA-Seq, Illumina HiSeq 2000, PAIRED, , 324526411, 2474160, 2474160
395148, , 6253, RNA-Seq, Illumina HiSeq 2000, PAIRED, 396, 2889368852, 21981737, 21981737
395149, , 6253, RNA-Seq, Illumina HiSeq 2000, PAIRED, 394, 2767405209, 20838294, 20838294
395144, , 6253, RNA-Seq, Illumina HiSeq 2000, PAIRED, 281, 8734169300, 65160390, 65160390
395145, , 6253, RNA-Seq, Illumina HiSeq 2000, PAIRED, 348, 54735442, 426599, 426599
395146, , 6253, RNA-Seq, Illumina HiSeq 2000, PAIRED, 411, 3364660526, 24161405, 24161405
395140, , 6253, RNA-Seq, Illumina HiSeq 2000, PAIRED, 385, 3110406940, 23564244, 23564244
395141, , 6253, RNA-Seq, Illumina HiSeq 2000, PAIRED, 354, 4698381223, 35620833, 35620833
395142, , 6253, RNA-Seq, Illumina HiSeq 2000, PAIRED, 390, 2548411608, 19348321, 19348321
395143, , 6253, RNA-Seq, Illumina HiSeq 2000, PAIRED, 365, 10530163, 80618, 80618
107156, Crassostrea gigas, 29159, RNA-Seq, Illumina HiSeq 2000, PAIRED, 200, 2433765021, 23330514, 23330514
107157, Crassostrea gigas, 29159, RNA-Seq, Illumina HiSeq 2000, PAIRED, 200, 2208729814, 20268206, 20268206
131637, Taenia multiceps, 94034, RNA-Seq, Illumina HiSeq 2000, PAIRED, , 1616943603, 13723885, 13723885
394123, , 6161, RNA-Seq, Illumina HiSeq 2000, PAIRED, 350, 1577413776, 11422133, 11422133
394122, , 6161, RNA-Seq, Illumina HiSeq 2000, PAIRED, 350, 1921617387, 13895663, 13895663
107031, Crassostrea gigas, 29159, RNA-Seq, Illumina HiSeq 2000, PAIRED, 200, 2040072761, 17218193, 17218193
107030, Crassostrea gigas, 29159, RNA-Seq, Illumina HiSeq 2000, PAIRED, 200, 2213671716, 18597851, 18597851
107033, Crassostrea gigas, 29159, RNA-Seq, Illumina HiSeq 2000, PAIRED, 200, 2548124304, 21227370, 21227370
107032, Crassostrea gigas, 29159, RNA-Seq, Illumina HiSeq 2000, PAIRED, 200, 2357422853, 19565349, 19565349
107035, Crassostrea gigas, 29159, RNA-Seq, Illumina HiSeq 2000, PAIRED, 200, 2005563941, 16636541, 16636541
107034, Crassostrea gigas, 29159, RNA-Seq, Illumina HiSeq 2000, PAIRED, 200, 2336812284, 19449522, 19449522
107037, Crassostrea gigas, 29159, RNA-Seq, Illumina HiSeq 2000, PAIRED, 200, 3154220351, 27369861, 27369861
107036, Crassostrea gigas, 29159, RNA-Seq, Illumina HiSeq 2000, PAIRED, 200, 3138418196, 26175361, 26175361
107038, Crassostrea gigas, 29159, RNA-Seq, Illumina HiSeq 2000, PAIRED, 200, 3097357731, 27006399, 27006399
307028, , 6280, RNA-Seq, Illumina HiSeq 2000, PAIRED, 350, 2369802233, 16536649, 16536649
307029, , 6280, RNA-Seq, Illumina HiSeq 2000, PAIRED, 350, 1747776735, 12188317, 12188317
483779, Theridion californicum, 1047188, RNA-Seq, Illumina Genome Analyzer II, PAIRED, 250, 7012515088, 82644915, 82644915
181514, Caenorhabditis elegans, 6239, RNA-Seq, Illumina HiSeq 2000, PAIRED, , 2394005038, 16498463, 16498463
181515, Caenorhabditis elegans, 6239, RNA-Seq, Illumina HiSeq 2000, PAIRED, , 2487245509, 17011537, 17011537
308088, , 6573, RNA-Seq, Illumina HiSeq 2000, PAIRED, , 6842193414, 56132648, 56132648
553794, Strongylocentrotus purpuratus, 7668, RNA-Seq, Illumina HiSeq 2000, PAIRED, , 2538570321, 37647421, 37647421
553796, Strongylocentrotus purpuratus, 7668, RNA-Seq, Illumina HiSeq 2000, PAIRED, , 1965203446, 29250884, 29250884
553791, Strongylocentrotus purpuratus, 7668, RNA-Seq, Illumina HiSeq 2000, PAIRED, , 3294508697, 44634434, 44634434
307735, , 85433, RNA-Seq, Illumina Genome Analyzer II, PAIRED, 250, 2190983747, 17907552, 17907552
553793, Strongylocentrotus purpuratus, 7668, RNA-Seq, Illumina HiSeq 2000, PAIRED, , 3336560289, 45200125, 45200125
553792, Strongylocentrotus purpuratus, 7668, RNA-Seq, Illumina HiSeq 2000, PAIRED, , 3276591664, 44319234, 44319234
140669, Apostichopus japonicus, 307972, RNA-Seq, Illumina HiSeq 2000, PAIRED, 100, 1646438202, 13363646, 13363646
140668, Apostichopus japonicus, 307972, RNA-Seq, Illumina HiSeq 2000, PAIRED, 100, 1650350049, 13447727, 13447727
489049, , 6211, RNA-Seq, Illumina HiSeq 2000, PAIRED, 350, 1674161717, 11371048, 11371048
489048, , 6211, RNA-Seq, Illumina HiSeq 2000, PAIRED, 350, 2502572792, 16992070, 16992070
489045, , 6211, RNA-Seq, Illumina HiSeq 2000, PAIRED, 350, 2389373774, 16171395, 16171395
489044, , 6211, RNA-Seq, Illumina HiSeq 2000, PAIRED, 350, 1955198311, 13217233, 13217233
489047, , 6211, RNA-Seq, Illumina HiSeq 2000, PAIRED, 350, 1923224609, 13014732, 13014732
489046, , 6211, RNA-Seq, Illumina HiSeq 2000, PAIRED, 350, 2351059995, 15845378, 15845378
489041, , 6211, RNA-Seq, Illumina HiSeq 2000, PAIRED, 350, 1868276957, 12413785, 12413785
489040, , 6210, RNA-Seq, Illumina HiSeq 2000, PAIRED, 350, 1849574466, 12386970, 12386970
489043, , 85433, RNA-Seq, Illumina HiSeq 2000, PAIRED, 350, 2647596622, 18025609, 18025609
489042, , 6211, RNA-Seq, Illumina HiSeq 2000, PAIRED, 350, 2239248076, 14853741, 14853741
467642, Rhizoglyphus robini, 223528, RNA-Seq, Illumina HiSeq 2000, PAIRED, 100, 3783381033, 26310236, 26310236
467641, Rhizoglyphus robini, 223528, RNA-Seq, Illumina HiSeq 2000, PAIRED, 100, 3761607686, 26194657, 26194657
326478, , 6289, RNA-Seq, Illumina HiSeq 2000, PAIRED, 350, 834076928, 5327971, 5327971
326479, , 6289, RNA-Seq, Illumina HiSeq 2000, PAIRED, 350, 981836273, 6336159, 6336159
86915, Ruditapes philippinarum, 129788, RNA-Seq, Illumina Genome Analyzer IIx, PAIRED, 105, 137031089, 2005409, 2005409
86914, Ruditapes philippinarum, 129788, RNA-Seq, Illumina Genome Analyzer IIx, PAIRED, 105, 141050371, 1389090, 1389090
86917, Ruditapes philippinarum, 129788, RNA-Seq, Illumina Genome Analyzer IIx, PAIRED, 105, 118312438, 1820028, 1820028
86916, Ruditapes philippinarum, 129788, RNA-Seq, Illumina Genome Analyzer IIx, PAIRED, 105, 129582404, 1208884, 1208884
86911, Ruditapes philippinarum, 129788, RNA-Seq, Illumina Genome Analyzer IIx, PAIRED, 105, 136541305, 2056757, 2056757
86910, Ruditapes philippinarum, 129788, RNA-Seq, Illumina Genome Analyzer IIx, PAIRED, 105, 149886049, 1527586, 1527586
86913, Ruditapes philippinarum, 129788, RNA-Seq, Illumina Genome Analyzer IIx, PAIRED, 105, 168403862, 2533127, 2533127
86912, Ruditapes philippinarum, 129788, RNA-Seq, Illumina Genome Analyzer IIx, PAIRED, 105, 190068510, 1866927, 1866927
292172, Ixodes ricinus, 34613, RNA-Seq, Illumina Genome Analyzer IIx, PAIRED, , 4435615845, 24664491, 24664491
198730, Strongyloides stercoralis, 6248, RNA-Seq, Illumina HiSeq 2000, PAIRED, 175, 9334489122, 66025530, 66025530
326505, , 6289, RNA-Seq, Illumina HiSeq 2000, PAIRED, 350, 1007720365, 7054643, 7054643
326503, , 6289, RNA-Seq, Illumina HiSeq 2000, PAIRED, 350, 1009647823, 7085768, 7085768
326500, , 6289, RNA-Seq, Illumina HiSeq 2000, PAIRED, 350, 1066333639, 7437072, 7437072
512757, Perna viridis, 73031, RNA-Seq, Illumina Genome Analyzer IIx, PAIRED, , 1742142695, 20794585, 20794585
298325, Crella elegans, 252961, RNA-Seq, Illumina HiSeq 2000, PAIRED, 101, 5163340114, 37410920, 37410920
547723, Litopenaeus vannamei, 6689, RNA-Seq, Illumina HiSeq 2000, PAIRED, 200, 26757042, 202065, 202065
547722, Litopenaeus vannamei, 6689, RNA-Seq, Illumina HiSeq 2000, PAIRED, 200, 6416905, 49814, 49814
547725, Litopenaeus vannamei, 6689, RNA-Seq, Illumina HiSeq 2000, PAIRED, 200, 68150947, 512188, 512188
547724, Litopenaeus vannamei, 6689, RNA-Seq, Illumina HiSeq 2000, PAIRED, 200, 110007639, 827980, 827980
547726, Litopenaeus vannamei, 6689, RNA-Seq, Illumina HiSeq 2000, PAIRED, 200, 57357017, 429357, 429357
395159, , 6253, RNA-Seq, Illumina HiSeq 2000, PAIRED, 392, 1585337946, 12118321, 12118321
395158, , 6253, RNA-Seq, Illumina HiSeq 2000, PAIRED, 395, 3569107222, 25767495, 25767495
395153, , 6253, RNA-Seq, Illumina HiSeq 2000, PAIRED, 386, 2196222708, 16710534, 16710534
395152, , 6253, RNA-Seq, Illumina HiSeq 2000, PAIRED, 400, 2699523819, 19336701, 19336701
395151, , 6253, RNA-Seq, Illumina HiSeq 2000, PAIRED, 410, 4078657406, 29276367, 29276367
395157, , 6253, RNA-Seq, Illumina HiSeq 2000, PAIRED, 418, 3358056677, 24188906, 24188906
395156, , 6253, RNA-Seq, Illumina HiSeq 2000, PAIRED, 325, 26141136, 202406, 202406
395154, , 6253, RNA-Seq, Illumina HiSeq 2000, PAIRED, 352, 1204998616, 9203061, 9203061
475035, Schmidtea mediterranea, 79327, RNA-Seq, Illumina HiSeq 2000, PAIRED, 500, 19287899554, 144975033, 144975033
280574, , 36090, RNA-Seq, Illumina Genome Analyzer II, PAIRED, 325, 3639607580, 33731236, 33731236
280575, , 36090, RNA-Seq, Illumina Genome Analyzer II, PAIRED, 325, 3699525836, 33531336, 33531336
280576, , 36090, RNA-Seq, Illumina Genome Analyzer II, PAIRED, 300, 2332891255, 28722642, 28722642
280577, , 36090, RNA-Seq, Illumina Genome Analyzer II, PAIRED, 325, 1834357338, 21176722, 21176722
86908, Ruditapes philippinarum, 129788, RNA-Seq, Illumina Genome Analyzer IIx, PAIRED, 105, 130159974, 1331568, 1331568
86909, Ruditapes philippinarum, 129788, RNA-Seq, Illumina Genome Analyzer IIx, PAIRED, 105, 184508288, 2648042, 2648042
280578, , 36090, RNA-Seq, Illumina Genome Analyzer II, PAIRED, 325, 1429337415, 15963258, 15963258
280579, , 36090, RNA-Seq, Illumina Genome Analyzer II, PAIRED, 325, 1827783056, 20118131, 20118131
136345, Crassostrea virginica, 6565, RNA-Seq, Illumina HiSeq 2000, PAIRED, , 2699696649, 26428921, 26428921
212400, Crassostrea gigas, 29159, RNA-Seq, Illumina HiSeq 2000, PAIRED, 200, 1927513573, 17411345, 17411345
307039, , 6280, RNA-Seq, Illumina HiSeq 2000, PAIRED, 350, 2863728608, 19896484, 19896484
307038, , 6280, RNA-Seq, Illumina HiSeq 2000, PAIRED, 350, 1699918075, 11823945, 11823945
307033, , 6280, RNA-Seq, Illumina HiSeq 2000, PAIRED, 350, 3084996665, 21585267, 21585267
307032, , 6280, RNA-Seq, Illumina HiSeq 2000, PAIRED, 350, 2849645596, 20029963, 20029963
307031, , 6280, RNA-Seq, Illumina HiSeq 2000, PAIRED, 350, 1243745582, 8702713, 8702713
307030, , 6280, RNA-Seq, Illumina HiSeq 2000, PAIRED, 350, 1423334340, 9866235, 9866235
307037, , 6280, RNA-Seq, Illumina HiSeq 2000, PAIRED, 350, 2182399023, 15260495, 15260495
307036, , 6280, RNA-Seq, Illumina HiSeq 2000, PAIRED, 350, 1666125239, 11662751, 11662751
307035, , 6280, RNA-Seq, Illumina HiSeq 2000, PAIRED, 350, 1477308074, 10395445, 10395445
307034, , 6280, RNA-Seq, Illumina HiSeq 2000, PAIRED, 350, 1489177959, 10398010, 10398010
394114, , 6161, RNA-Seq, Illumina HiSeq 2000, PAIRED, 350, 1951725133, 14810479, 14810479
394115, , 6161, RNA-Seq, Illumina HiSeq 2000, PAIRED, 350, 2323407097, 17792965, 17792965
394116, , 6161, RNA-Seq, Illumina HiSeq 2000, PAIRED, 350, 1919996994, 14760945, 14760945
394117, , 6161, RNA-Seq, Illumina HiSeq 2000, PAIRED, 350, 3474387746, 26697859, 26697859
394110, , 6161, RNA-Seq, Illumina HiSeq 2000, PAIRED, 350, 1946504214, 14061896, 14061896
394111, , 6161, RNA-Seq, Illumina HiSeq 2000, PAIRED, 350, 2223953125, 17014782, 17014782
394112, , 6161, RNA-Seq, Illumina HiSeq 2000, PAIRED, 350, 2360429659, 18128538, 18128538
394113, , 6161, RNA-Seq, Illumina HiSeq 2000, PAIRED, 350, 1836046353, 13968096, 13968096
394118, , 6161, RNA-Seq, Illumina HiSeq 2000, PAIRED, 350, 2575641557, 19835323, 19835323
394119, , 6161, RNA-Seq, Illumina HiSeq 2000, PAIRED, 350, 2126296060, 16350443, 16350443
158012, Caenorhabditis elegans, 6239, RNA-Seq, Illumina HiSeq 2000, PAIRED, , 1389521589, 9265571, 9265571
158011, Caenorhabditis elegans, 6239, RNA-Seq, Illumina HiSeq 2000, PAIRED, , 1733668084, 11446900, 11446900
389284, Litopenaeus vannamei, 6689, RNA-Seq, Illumina HiSeq 2000, PAIRED, 200, 22655649, 171542, 171542
389285, Litopenaeus vannamei, 6689, RNA-Seq, Illumina HiSeq 2000, PAIRED, 200, 27481497, 208799, 208799
489078, , 6211, RNA-Seq, Illumina HiSeq 2000, PAIRED, 350, 1654895899, 11193819, 11193819
489079, , 85433, RNA-Seq, Illumina HiSeq 2000, PAIRED, 350, 2281066947, 15723469, 15723469
489070, , 6211, RNA-Seq, Illumina HiSeq 2000, PAIRED, 350, 2051525884, 13784881, 13784881
489071, , 6211, RNA-Seq, Illumina HiSeq 2000, PAIRED, 350, 2148140768, 14517991, 14517991
489072, , 6211, RNA-Seq, Illumina HiSeq 2000, PAIRED, 350, 2046084429, 13876157, 13876157
489073, , 6211, RNA-Seq, Illumina HiSeq 2000, PAIRED, 350, 1968033931, 13303873, 13303873
489074, , 6211, RNA-Seq, Illumina HiSeq 2000, PAIRED, 350, 1929072618, 13025004, 13025004
489075, , 6211, RNA-Seq, Illumina HiSeq 2000, PAIRED, 350, 2245008582, 15195339, 15195339
489076, , 6210, RNA-Seq, Illumina HiSeq 2000, PAIRED, 350, 1643722544, 11122147, 11122147
489077, , 6211, RNA-Seq, Illumina HiSeq 2000, PAIRED, 350, 1765832402, 11905690, 11905690
198721, Strongyloides stercoralis, 6248, RNA-Seq, Illumina HiSeq 2000, PAIRED, 171, 5157381055, 40706566, 40706566
198720, Strongyloides stercoralis, 6248, RNA-Seq, Illumina HiSeq 2000, PAIRED, 178, 7910877999, 58462081, 58462081
292174, Ixodes ricinus, 34613, RNA-Seq, Illumina Genome Analyzer II, PAIRED, 148, 17146213111, 94647123, 94647123
292173, Ixodes ricinus, 34613, RNA-Seq, Illumina Genome Analyzer IIx, PAIRED, 148, 7230587946, 39809942, 39809942
413983, , 6161, RNA-Seq, Illumina HiSeq 2000, PAIRED, 350, 2442156108, 17265879, 17265879
413982, , 6161, RNA-Seq, Illumina HiSeq 2000, PAIRED, 350, 3209887581, 22774586, 22774586
413981, , 6161, RNA-Seq, Illumina HiSeq 2000, PAIRED, 350, 1939331960, 13683484, 13683484
413980, , 6161, RNA-Seq, Illumina HiSeq 2000, PAIRED, 350, 2790762545, 19691882, 19691882
413987, , 6161, RNA-Seq, Illumina HiSeq 2000, PAIRED, 350, 1981037279, 14005522, 14005522
413986, , 6161, RNA-Seq, Illumina HiSeq 2000, PAIRED, 350, 2155215575, 15361547, 15361547
413985, , 6161, RNA-Seq, Illumina HiSeq 2000, PAIRED, 350, 1764394593, 12550393, 12550393
413984, , 6161, RNA-Seq, Illumina HiSeq 2000, PAIRED, 350, 3626597327, 25725433, 25725433
86906, Ruditapes philippinarum, 129788, RNA-Seq, Illumina Genome Analyzer IIx, PAIRED, 105, 206318198, 2061092, 2061092
86907, Ruditapes philippinarum, 129788, RNA-Seq, Illumina Genome Analyzer IIx, PAIRED, 105, 183840755, 2714418, 2714418
86904, Ruditapes philippinarum, 129788, RNA-Seq, Illumina Genome Analyzer IIx, PAIRED, 105, 133667814, 1256223, 1256223
413988, , 6161, RNA-Seq, Illumina HiSeq 2000, PAIRED, 350, 2491128521, 17590097, 17590097
86902, Ruditapes philippinarum, 129788, RNA-Seq, Illumina Genome Analyzer IIx, PAIRED, 105, 129827073, 1202327, 1202327
86903, Ruditapes philippinarum, 129788, RNA-Seq, Illumina Genome Analyzer IIx, PAIRED, 105, 128143251, 1871474, 1871474
86900, Ruditapes philippinarum, 129788, RNA-Seq, Illumina Genome Analyzer IIx, PAIRED, 105, 162536737, 1513833, 1513833
86901, Ruditapes philippinarum, 129788, RNA-Seq, Illumina Genome Analyzer IIx, PAIRED, 105, 148340469, 2241578, 2241578
198723, Strongyloides stercoralis, 6248, RNA-Seq, Illumina HiSeq 2000, PAIRED, 176, 9445972970, 68856031, 68856031
198722, Strongyloides stercoralis, 6248, RNA-Seq, Illumina HiSeq 2000, PAIRED, 177, 9888589208, 70262364, 70262364
198725, Strongyloides stercoralis, 6248, RNA-Seq, Illumina HiSeq 2000, PAIRED, 172, 9567977018, 63707299, 63707299
198724, Strongyloides stercoralis, 6248, RNA-Seq, Illumina HiSeq 2000, PAIRED, 171, 6428267701, 50381831, 50381831
198727, Strongyloides stercoralis, 6248, RNA-Seq, Illumina HiSeq 2000, PAIRED, 175, 5834872591, 45051280, 45051280
198726, Strongyloides stercoralis, 6248, RNA-Seq, Illumina HiSeq 2000, PAIRED, 170, 8498724728, 62275012, 62275012
198729, Strongyloides stercoralis, 6248, RNA-Seq, Illumina HiSeq 2000, PAIRED, 172, 8960401438, 59692468, 59692468
198728, Strongyloides stercoralis, 6248, RNA-Seq, Illumina HiSeq 2000, PAIRED, 177, 6283782104, 48613492, 48613492
113248, Litopenaeus vannamei, 6689, RNA-Seq, Illumina HiSeq 2000, PAIRED, 200, 1588978201, 13697473, 13697473
387983, Botryllus schlosseri, 30301, RNA-Seq, Illumina HiSeq 2000, PAIRED, , 354444734, 2770051, 2770051
387982, Botryllus schlosseri, 30301, RNA-Seq, Illumina HiSeq 2000, PAIRED, , 34306499, 271826, 271826
387981, Botryllus schlosseri, 30301, RNA-Seq, Illumina HiSeq 2000, PAIRED, , 564122332, 4152218, 4152218
387980, Botryllus schlosseri, 30301, RNA-Seq, Illumina HiSeq 2000, PAIRED, , 38855838, 308642, 308642
387987, Botryllus schlosseri, 30301, RNA-Seq, Illumina HiSeq 2000, PAIRED, , 17199127, 136322, 136322
387986, Botryllus schlosseri, 30301, RNA-Seq, Illumina HiSeq 2000, PAIRED, , 112486182, 892618, 892618
387985, Botryllus schlosseri, 30301, RNA-Seq, Illumina HiSeq 2000, PAIRED, , 319256994, 2490385, 2490385
387984, Botryllus schlosseri, 30301, RNA-Seq, Illumina HiSeq 2000, PAIRED, , 284815924, 2219040, 2219040
387988, Botryllus schlosseri, 30301, RNA-Seq, Illumina HiSeq 2000, PAIRED, , 39128223, 305558, 305558
408266, Physalia physalis, 168775, RNA-Seq, Illumina HiSeq 2000, PAIRED, 245, 4498550962, 36481773, 36481773
408267, Craseoa lathetica, 316205, RNA-Seq, Illumina HiSeq 2000, PAIRED, 266, 5504893620, 38233199, 38233199
408265, Nanomia bijuga, 168759, RNA-Seq, Illumina HiSeq 2000, PAIRED, 252, 6548538587, 52533443, 52533443
351849, Hormogaster elisae, 452200, RNA-Seq, Illumina HiSeq 2000, PAIRED, 331, 7181357817, 54971885, 54971885
459757, Rhizoglyphus robini, 223528, RNA-Seq, Illumina HiSeq 2000, PAIRED, 100, 2906551055, 20229107, 20229107
528089, , 1391732, RNA-Seq, Illumina HiSeq 2000, PAIRED, 250, 2244502187, 10794305, 10794305
315632, Panagrellus redivivus, 6233, RNA-Seq, Illumina Genome Analyzer IIx, PAIRED, , 4091854090, 45086997, 45086997
395180, , 6253, RNA-Seq, Illumina HiSeq 2000, PAIRED, 358, 1931144598, 14719786, 14719786
395181, , 6253, RNA-Seq, Illumina HiSeq 2000, PAIRED, 385, 2125944926, 16217523, 16217523
395182, , 6253, RNA-Seq, Illumina HiSeq 2000, PAIRED, 399, 2047176415, 15582055, 15582055
395183, , 6253, RNA-Seq, Illumina HiSeq 2000, PAIRED, 352, 7422119433, 56337772, 56337772
395184, , 6253, RNA-Seq, Illumina HiSeq 2000, PAIRED, 381, 1109312741, 8448076, 8448076
395185, , 6253, RNA-Seq, Illumina HiSeq 2000, PAIRED, 367, 1165476716, 8896424, 8896424
395186, , 6253, RNA-Seq, Illumina HiSeq 2000, PAIRED, 397, 2532654152, 19305979, 19305979
395187, , 6253, RNA-Seq, Illumina HiSeq 2000, PAIRED, 362, 1082093301, 8218826, 8218826
395188, , 6253, RNA-Seq, Illumina HiSeq 2000, PAIRED, 376, 31527873, 244344, 244344
395189, , 6253, RNA-Seq, Illumina HiSeq 2000, PAIRED, 429, 4362078913, 31286026, 31286026
298330, Crella elegans, 252961, RNA-Seq, Illumina Genome Analyzer II, PAIRED, 101, 2348326854, 25520497, 25520497
388740, Litopenaeus vannamei, 6689, RNA-Seq, Illumina HiSeq 2000, PAIRED, 200, 16520991, 125402, 125402
183464, Schmidtea mediterranea, 79327, RNA-Seq, Illumina HiSeq 2000, PAIRED, 245, 23460694283, 206514241, 206514241
183465, Schmidtea mediterranea, 79327, RNA-Seq, Illumina Genome Analyzer IIx, PAIRED, 195, 4899132572, 41721743, 41721743
183463, Schmidtea mediterranea, 79327, RNA-Seq, Illumina Genome Analyzer IIx, PAIRED, 157, 5197683483, 43092633, 43092633
144999, Mytilus galloprovincialis, 29158, RNA-Seq, Illumina Genome Analyzer II, PAIRED, , 856968547, 6848258, 6848258
144998, Mytilus galloprovincialis, 29158, RNA-Seq, Illumina Genome Analyzer II, PAIRED, , 1122595998, 8483412, 8483412
394103, , 6161, RNA-Seq, Illumina HiSeq 2000, PAIRED, 350, 4984781647, 36207438, 36207438
394102, , 6161, RNA-Seq, Illumina HiSeq 2000, PAIRED, 350, 2038345255, 14708418, 14708418
394107, , 6161, RNA-Seq, Illumina HiSeq 2000, PAIRED, 350, 1777175194, 12919284, 12919284
394106, , 6161, RNA-Seq, Illumina HiSeq 2000, PAIRED, 350, 2147659574, 15561474, 15561474
394105, , 6161, RNA-Seq, Illumina HiSeq 2000, PAIRED, 350, 1946867801, 14120516, 14120516
394104, , 6161, RNA-Seq, Illumina HiSeq 2000, PAIRED, 350, 2266528775, 16464124, 16464124
394109, , 6161, RNA-Seq, Illumina HiSeq 2000, PAIRED, 350, 1851693439, 13433036, 13433036
394108, , 6161, RNA-Seq, Illumina HiSeq 2000, PAIRED, 350, 1586185042, 11531405, 11531405
126953, , 6500, RNA-Seq, Illumina HiSeq 2000, PAIRED, 450, 3594353628, 30162871, 30162871
126952, , 6500, RNA-Seq, Illumina HiSeq 2000, PAIRED, 450, 4206429693, 35293873, 35293873
126951, , 6500, RNA-Seq, Illumina HiSeq 2000, PAIRED, 450, 3930714134, 32946655, 32946655
126957, , 6500, RNA-Seq, Illumina HiSeq 2000, PAIRED, 450, 3756901576, 31537952, 31537952
126956, , 6500, RNA-Seq, Illumina HiSeq 2000, PAIRED, 450, 4085841885, 34445902, 34445902
126955, , 6500, RNA-Seq, Illumina HiSeq 2000, PAIRED, 450, 4011384795, 32946402, 32946402
126954, , 6500, RNA-Seq, Illumina HiSeq 2000, PAIRED, 450, 3813651857, 32126449, 32126449
126959, , 6500, RNA-Seq, Illumina HiSeq 2000, PAIRED, 450, 4594679603, 38456732, 38456732
126958, , 6500, RNA-Seq, Illumina HiSeq 2000, PAIRED, 450, 4166800731, 35219747, 35219747
307750, , 6282, RNA-Seq, Illumina HiSeq 2000, PAIRED, 350, 5097997100, 39164824, 39164824
307751, , 6282, RNA-Seq, Illumina HiSeq 2000, PAIRED, 350, 4485847508, 34907019, 34907019
307756, , 6282, RNA-Seq, Illumina HiSeq 2000, PAIRED, 350, 3161878735, 25992947, 25992947
307754, , 6282, RNA-Seq, Illumina HiSeq 2000, PAIRED, 350, 3271428185, 28395036, 28395036
307755, , 6282, RNA-Seq, Illumina HiSeq 2000, PAIRED, 350, 3013749222, 27601789, 27601789
320858, Aiptasia CC7, 12922, RNA-Seq, Illumina HiSeq 2000, PAIRED, , 34435345023, 268308422, 268308422
406725, , 6239, RNA-Seq, Illumina HiSeq 2000, PAIRED, 388, 4740277535, 35383355, 35383355
406724, , 6239, RNA-Seq, Illumina HiSeq 2000, PAIRED, 372, 4765069464, 35210683, 35210683
406727, , 6239, RNA-Seq, Illumina HiSeq 2000, PAIRED, 396, 4749189444, 35202128, 35202128
406726, , 6239, RNA-Seq, Illumina HiSeq 2000, PAIRED, 352, 4067583704, 30383493, 30383493
406723, , 6239, RNA-Seq, Illumina HiSeq 2000, PAIRED, 405, 7081571512, 53017572, 53017572
247941, , 79674, RNA-Seq, Illumina HiSeq 2000, PAIRED, 100, 206280, 592, 592
247942, , 79674, RNA-Seq, Illumina HiSeq 2000, PAIRED, 100, 239837, 947, 947
247943, , 79674, RNA-Seq, Illumina HiSeq 2000, PAIRED, 100, 254985, 1042, 1042
247944, , 79674, RNA-Seq, Illumina HiSeq 2000, PAIRED, 100, 248282, 963, 963
247945, , 79674, RNA-Seq, Illumina HiSeq 2000, PAIRED, 100, 222685, 801, 801
247946, , 79674, RNA-Seq, Illumina HiSeq 2000, PAIRED, 100, 199418, 528, 528
247947, , 79674, RNA-Seq, Illumina HiSeq 2000, PAIRED, 100, 266538, 1192, 1192
389293, Litopenaeus vannamei, 6689, RNA-Seq, Illumina HiSeq 2000, PAIRED, 200, 33825350, 255170, 255170
489067, , 85433, RNA-Seq, Illumina HiSeq 2000, PAIRED, 350, 2541734000, 17576746, 17576746
489066, , 6211, RNA-Seq, Illumina HiSeq 2000, PAIRED, 350, 1824273158, 12380271, 12380271
489065, , 6211, RNA-Seq, Illumina HiSeq 2000, PAIRED, 350, 1947262426, 13166991, 13166991
489064, , 6210, RNA-Seq, Illumina HiSeq 2000, PAIRED, 350, 1803117643, 12244041, 12244041
489063, , 6211, RNA-Seq, Illumina HiSeq 2000, PAIRED, 350, 2479611476, 16817728, 16817728
489062, , 6211, RNA-Seq, Illumina HiSeq 2000, PAIRED, 350, 2126936074, 14413612, 14413612
489061, , 6211, RNA-Seq, Illumina HiSeq 2000, PAIRED, 350, 2171295892, 14714288, 14714288
489060, , 6211, RNA-Seq, Illumina HiSeq 2000, PAIRED, 350, 2258036268, 15357666, 15357666
489069, , 6211, RNA-Seq, Illumina HiSeq 2000, PAIRED, 350, 1989177835, 13478677, 13478677
489068, , 6211, RNA-Seq, Illumina HiSeq 2000, PAIRED, 350, 1518743026, 10176975, 10176975
424406, Macrobrachium rosenbergii, 79674, RNA-Seq, Illumina HiSeq 2000, PAIRED, 200, 371635, 2405, 2405
408120, Agalma elegans, 316166, RNA-Seq, Illumina HiSeq 2000, PAIRED, 269, 6738356169, 53998182, 53998182
184762, Crassostrea gigas, 29159, RNA-Seq, Illumina HiSeq 2000, PAIRED, 300, 1937804302, 15354006, 15354006
184763, Crassostrea gigas, 29159, RNA-Seq, Illumina HiSeq 2000, PAIRED, 300, 1727879107, 13719859, 13719859
130384, Panonychus citri, 50023, RNA-Seq, Illumina HiSeq 2000, PAIRED, , 117717874, 3523747, 3523747
413978, , 6161, RNA-Seq, Illumina HiSeq 2000, PAIRED, 350, 872842730, 6193510, 6193510
413979, , 6161, RNA-Seq, Illumina HiSeq 2000, PAIRED, 350, 2253979348, 15974015, 15974015
413976, , 6161, RNA-Seq, Illumina HiSeq 2000, PAIRED, 350, 1969997099, 13831094, 13831094
413977, , 6161, RNA-Seq, Illumina HiSeq 2000, PAIRED, 350, 2480588352, 17401080, 17401080
413974, , 6161, RNA-Seq, Illumina HiSeq 2000, PAIRED, 350, 1758655796, 12419537, 12419537
413975, , 6161, RNA-Seq, Illumina HiSeq 2000, PAIRED, 350, 2141226702, 15153980, 15153980
413972, , 6161, RNA-Seq, Illumina HiSeq 2000, PAIRED, 350, 2435979949, 17103642, 17103642
413973, , 6161, RNA-Seq, Illumina HiSeq 2000, PAIRED, 350, 3606581388, 25424066, 25424066
413970, , 6161, RNA-Seq, Illumina HiSeq 2000, PAIRED, 350, 1931912898, 13536657, 13536657
413971, , 6161, RNA-Seq, Illumina HiSeq 2000, PAIRED, 350, 3194049206, 22504536, 22504536
198718, Strongyloides stercoralis, 6248, RNA-Seq, Illumina HiSeq 2000, PAIRED, 174, 9233448700, 62084981, 62084981
198719, Strongyloides stercoralis, 6248, RNA-Seq, Illumina HiSeq 2000, PAIRED, 172, 5501143228, 43376065, 43376065
198714, Strongyloides stercoralis, 6248, RNA-Seq, Illumina HiSeq 2000, PAIRED, 178, 5828322453, 45088554, 45088554
198715, Strongyloides stercoralis, 6248, RNA-Seq, Illumina HiSeq 2000, PAIRED, 169, 9010350929, 63693144, 63693144
198716, Strongyloides stercoralis, 6248, RNA-Seq, Illumina HiSeq 2000, PAIRED, 176, 9071465336, 64774233, 64774233
198717, Strongyloides stercoralis, 6248, RNA-Seq, Illumina HiSeq 2000, PAIRED, 175, 5869673447, 46141223, 46141223
198711, Strongyloides stercoralis, 6248, RNA-Seq, Illumina HiSeq 2000, PAIRED, 172, 5559908122, 43670360, 43670360
198712, Strongyloides stercoralis, 6248, RNA-Seq, Illumina HiSeq 2000, PAIRED, 169, 5213845794, 41205900, 41205900
198713, Strongyloides stercoralis, 6248, RNA-Seq, Illumina HiSeq 2000, PAIRED, 173, 8930249565, 63921323, 63921323
224204, , 7668, RNA-Seq, Illumina Genome Analyzer IIx, PAIRED, 200, 4293621153, 40409164, 40409164
406680, , 70415, RNA-Seq, Illumina HiSeq 2000, PAIRED, 350, 1896530799, 11739899, 11739899
224205, , 7668, RNA-Seq, Illumina Genome Analyzer IIx, PAIRED, 200, 4521329677, 46823005, 46823005
387978, Botryllus schlosseri, 30301, RNA-Seq, Illumina HiSeq 2000, PAIRED, , 96647767, 695650, 695650
387979, Botryllus schlosseri, 30301, RNA-Seq, Illumina HiSeq 2000, PAIRED, , 95334628, 686726, 686726
387976, Botryllus schlosseri, 30301, RNA-Seq, Illumina HiSeq 2000, PAIRED, , 676107715, 4781017, 4781017
387977, Botryllus schlosseri, 30301, RNA-Seq, Illumina HiSeq 2000, PAIRED, , 266531238, 2045648, 2045648
387974, Botryllus schlosseri, 30301, RNA-Seq, Illumina MiSeq, PAIRED, , 15337152, 121214, 121214
387975, Botryllus schlosseri, 30301, RNA-Seq, Illumina HiSeq 2000, PAIRED, , 103911175, 765800, 765800
387972, Botryllus schlosseri, 30301, RNA-Seq, Illumina HiSeq 2000, PAIRED, , 512317789, 3195023, 3195023
387970, Botryllus schlosseri, 30301, RNA-Seq, Illumina HiSeq 2000, PAIRED, , 21814147, 160691, 160691
387971, Botryllus schlosseri, 30301, RNA-Seq, Illumina HiSeq 2000, PAIRED, , 16398387, 120593, 120593
388733, Litopenaeus vannamei, 6689, RNA-Seq, Illumina HiSeq 2000, PAIRED, 200, 11611099, 99563, 99563
246619, Patiria miniata, 46514, RNA-Seq, Illumina HiSeq 1000, PAIRED, 350, 7973346956, 70279166, 70279166
246618, Patiria miniata, 46514, RNA-Seq, Illumina HiSeq 1000, PAIRED, 350, 8774511608, 78793276, 78793276
246617, Patiria miniata, 46514, RNA-Seq, Illumina HiSeq 1000, PAIRED, 350, 15469368682, 124814998, 124814998
122533, Caenorhabditis elegans, 6239, RNA-Seq, Illumina HiSeq 2000, PAIRED, 250, 9635784028, 76081136, 76081136
122532, Caenorhabditis elegans, 6239, RNA-Seq, Illumina HiSeq 2000, PAIRED, 250, 11027543702, 86776631, 86776631
342411, , 95602, RNA-Seq, Illumina HiSeq 2000, PAIRED, 100, 2549961768, 40269873, 40269873
131609, Dirofilaria immitis, 6287, RNA-Seq, Illumina HiSeq 2000, PAIRED, 90, 1547226767, 13728985, 13728985
280598, , 36090, RNA-Seq, Illumina HiSeq 2000, PAIRED, 350, 625242844, 4086785, 4086785
280599, , 36090, RNA-Seq, Illumina HiSeq 2000, PAIRED, 350, 468111738, 3055593, 3055593
280596, , 36090, RNA-Seq, Illumina HiSeq 2000, PAIRED, 350, 550420307, 3600232, 3600232
280597, , 36090, RNA-Seq, Illumina HiSeq 2000, PAIRED, 350, 514242543, 3368989, 3368989
280594, , 36090, RNA-Seq, Illumina HiSeq 2000, PAIRED, 350, 828401265, 5425301, 5425301
280595, , 36090, RNA-Seq, Illumina HiSeq 2000, PAIRED, 350, 523380262, 3449660, 3449660
280592, , 36090, RNA-Seq, Illumina HiSeq 2000, PAIRED, 350, 608597588, 3986043, 3986043
280593, , 36090, RNA-Seq, Illumina HiSeq 2000, PAIRED, 350, 505634003, 3318245, 3318245
280590, , 36090, RNA-Seq, Illumina HiSeq 2000, PAIRED, 350, 541229314, 3526920, 3526920
280591, , 36090, RNA-Seq, Illumina HiSeq 2000, PAIRED, 350, 523147989, 3392703, 3392703
280608, , 36090, RNA-Seq, Illumina HiSeq 2000, PAIRED, 200, 862395538, 5877798, 5877798
280609, , 36090, RNA-Seq, Illumina HiSeq 2000, PAIRED, 200, 882770112, 6007056, 6007056
280606, , 36090, RNA-Seq, Illumina HiSeq 2000, PAIRED, 200, 1011031287, 6888521, 6888521
280604, , 36090, RNA-Seq, Illumina HiSeq 2000, PAIRED, 200, 944681503, 6439483, 6439483
280605, , 36090, RNA-Seq, Illumina HiSeq 2000, PAIRED, 200, 982979735, 6704841, 6704841
280602, , 36090, RNA-Seq, Illumina HiSeq 2000, PAIRED, 200, 1066976900, 7262226, 7262226
280603, , 36090, RNA-Seq, Illumina HiSeq 2000, PAIRED, 200, 1078086796, 7346242, 7346242
280600, , 36090, RNA-Seq, Illumina HiSeq 2000, PAIRED, 350, 630870291, 4121318, 4121318
280601, , 36090, RNA-Seq, Illumina HiSeq 2000, PAIRED, 200, 1129450165, 7701808, 7701808
382045, Nematostella vectensis, 45351, RNA-Seq, Illumina HiSeq 2000, PAIRED, , 9984391015, 104254898, 104254898
382047, Nematostella vectensis, 45351, RNA-Seq, Illumina HiSeq 2000, PAIRED, , 10284630673, 110956487, 110956487
382046, Nematostella vectensis, 45351, RNA-Seq, Illumina HiSeq 2000, PAIRED, , 5141980879, 60531997, 60531997
382049, Nematostella vectensis, 45351, RNA-Seq, Illumina HiSeq 2000, PAIRED, , 7086458452, 61896267, 61896267
382048, Nematostella vectensis, 45351, RNA-Seq, Illumina HiSeq 2000, PAIRED, , 4801290996, 41626572, 41626572
127948, Penaeus monodon, 6687, RNA-Seq, Illumina Genome Analyzer II, PAIRED, , 2506317690, 29695294, 29695294
483781, Theridion californicum, 1047188, RNA-Seq, Illumina Genome Analyzer II, PAIRED, 250, 6781696060, 83459304, 83459304
489012, , 6210, RNA-Seq, Illumina HiSeq 2000, PAIRED, 350, 2075228862, 13675876, 13675876
489013, , 6211, RNA-Seq, Illumina HiSeq 2000, PAIRED, 350, 2131647521, 14386766, 14386766
489010, , 6211, RNA-Seq, Illumina HiSeq 2000, PAIRED, 350, 1853299744, 12486742, 12486742
424414, Macrobrachium rosenbergii, 79674, RNA-Seq, Illumina HiSeq 2000, PAIRED, 200, 267337, 1211, 1211
489016, , 6211, RNA-Seq, Illumina HiSeq 2000, PAIRED, 350, 1517495041, 10117799, 10117799
424412, Macrobrachium rosenbergii, 79674, RNA-Seq, Illumina HiSeq 2000, PAIRED, 200, 279454, 1350, 1350
424411, Macrobrachium rosenbergii, 79674, RNA-Seq, Illumina HiSeq 2000, PAIRED, 200, 345119, 2094, 2094
489015, , 6210, RNA-Seq, Illumina HiSeq 2000, PAIRED, 350, 1557171598, 10428401, 10428401
489018, , 85433, RNA-Seq, Illumina HiSeq 2000, PAIRED, 350, 1871315461, 12738510, 12738510
489019, , 6211, RNA-Seq, Illumina HiSeq 2000, PAIRED, 350, 1230771460, 8348340, 8348340
406404, , 6161, RNA-Seq, Illumina HiSeq 2000, PAIRED, 350, 1780449783, 13508633, 13508633
406405, , 6161, RNA-Seq, Illumina HiSeq 2000, PAIRED, 350, 3212771962, 24378720, 24378720
406406, , 6161, RNA-Seq, Illumina HiSeq 2000, PAIRED, 350, 2384717117, 18125800, 18125800
406407, , 6161, RNA-Seq, Illumina HiSeq 2000, PAIRED, 350, 1964844401, 14915780, 14915780
406400, , 6161, RNA-Seq, Illumina HiSeq 2000, PAIRED, 350, 2185988026, 16587178, 16587178
406401, , 6161, RNA-Seq, Illumina HiSeq 2000, PAIRED, 350, 1682232152, 12657569, 12657569
406402, , 6161, RNA-Seq, Illumina HiSeq 2000, PAIRED, 350, 1791681724, 13463314, 13463314
406403, , 6161, RNA-Seq, Illumina HiSeq 2000, PAIRED, 350, 2152614684, 16276101, 16276101
406408, , 6161, RNA-Seq, Illumina HiSeq 2000, PAIRED, 350, 2154984010, 16365387, 16365387
406409, , 6161, RNA-Seq, Illumina HiSeq 2000, PAIRED, 350, 2616007458, 19810921, 19810921
276403, , 397056, RNA-Seq, Illumina Genome Analyzer II, PAIRED, , 2269530604, 12488783, 12488783
408111, Abylopsis tetragona, 316209, RNA-Seq, Illumina HiSeq 2000, PAIRED, 299, 2991269837, 21575176, 21575176
300215, , 210409, RNA-Seq, Illumina HiSeq 2000, PAIRED, , 3300511964, 27096107, 27096107
413969, , 6161, RNA-Seq, Illumina HiSeq 2000, PAIRED, 350, 2781731903, 19498212, 19498212
413968, , 6161, RNA-Seq, Illumina HiSeq 2000, PAIRED, 350, 2242086498, 15777102, 15777102
413965, , 6161, RNA-Seq, Illumina HiSeq 2000, PAIRED, 350, 2066447282, 13966961, 13966961
413964, , 6161, RNA-Seq, Illumina HiSeq 2000, PAIRED, 350, 1764231427, 11986524, 11986524
413967, , 6161, RNA-Seq, Illumina HiSeq 2000, PAIRED, 350, 868065176, 6115153, 6115153
413966, , 6161, RNA-Seq, Illumina HiSeq 2000, PAIRED, 350, 2152290336, 14549871, 14549871
413961, , 6161, RNA-Seq, Illumina HiSeq 2000, PAIRED, 350, 2160440210, 14655146, 14655146
413960, , 6161, RNA-Seq, Illumina HiSeq 2000, PAIRED, 350, 2525797199, 17136879, 17136879
413963, , 6161, RNA-Seq, Illumina HiSeq 2000, PAIRED, 350, 1984486677, 13485568, 13485568
413962, , 6161, RNA-Seq, Illumina HiSeq 2000, PAIRED, 350, 2388203037, 16171089, 16171089
404023, Onchocerca ochengi, 42157, RNA-Seq, Illumina HiSeq 2000, PAIRED, 180, 8359320677, 60250730, 60250730
404024, Onchocerca ochengi, 42157, RNA-Seq, Illumina HiSeq 2000, PAIRED, 180, 8815587745, 63970121, 63970121
404025, Onchocerca ochengi, 42157, RNA-Seq, Illumina HiSeq 2000, PAIRED, 180, 7655613665, 55782767, 55782767
387969, Botryllus schlosseri, 30301, RNA-Seq, Illumina HiSeq 2000, PAIRED, , 345568897, 2647584, 2647584
266558, Trichinella spiralis, 6334, RNA-Seq, Illumina HiSeq 2000, PAIRED, , 906545224, 13064173, 13064173
266559, Trichinella spiralis, 6334, RNA-Seq, Illumina HiSeq 2000, PAIRED, , 992075289, 14481410, 14481410
387897, Botryllus schlosseri, 30301, RNA-Seq, Illumina HiSeq 2000, PAIRED, , 539494602, 4152027, 4152027
280589, , 36090, RNA-Seq, Illumina HiSeq 2000, PAIRED, 350, 535527345, 3507408, 3507408
280588, , 36090, RNA-Seq, Illumina HiSeq 2000, PAIRED, 325, 8224337934, 52664032, 52664032
280585, , 36090, RNA-Seq, Illumina HiSeq 2000, PAIRED, 325, 3211847125, 26868203, 26868203
280584, , 36090, RNA-Seq, Illumina HiSeq 2000, PAIRED, 325, 3308412337, 27875565, 27875565
280587, , 36090, RNA-Seq, Illumina HiSeq 2000, PAIRED, 325, 7530327015, 47852443, 47852443
280586, , 36090, RNA-Seq, Illumina HiSeq 2000, PAIRED, 325, 3022421399, 25395022, 25395022
280581, , 36090, RNA-Seq, Illumina Genome Analyzer II, PAIRED, 325, 2650331686, 27662381, 27662381
280580, , 36090, RNA-Seq, Illumina Genome Analyzer II, PAIRED, 325, 1779100897, 19920837, 19920837
280583, , 36090, RNA-Seq, Illumina HiSeq 2000, PAIRED, 325, 3138045049, 26375906, 26375906
280582, , 36090, RNA-Seq, Illumina Genome Analyzer II, PAIRED, 325, 2286714863, 24365772, 24365772
280619, , 36090, RNA-Seq, Illumina HiSeq 2000, PAIRED, 200, 876911498, 5995398, 5995398
280618, , 36090, RNA-Seq, Illumina HiSeq 2000, PAIRED, 200, 1009070655, 6895053, 6895053
280615, , 36090, RNA-Seq, Illumina HiSeq 2000, PAIRED, 200, 1054924015, 7198368, 7198368
280614, , 36090, RNA-Seq, Illumina HiSeq 2000, PAIRED, 200, 895267267, 6101525, 6101525
280617, , 36090, RNA-Seq, Illumina HiSeq 2000, PAIRED, 200, 983152567, 6711500, 6711500
280616, , 36090, RNA-Seq, Illumina HiSeq 2000, PAIRED, 200, 1056784939, 7227120, 7227120
280611, , 36090, RNA-Seq, Illumina HiSeq 2000, PAIRED, 200, 1255247045, 8560797, 8560797
280610, , 36090, RNA-Seq, Illumina HiSeq 2000, PAIRED, 200, 1069050310, 7280125, 7280125
280613, , 36090, RNA-Seq, Illumina HiSeq 2000, PAIRED, 200, 998924875, 6795988, 6795988
280612, , 36090, RNA-Seq, Illumina HiSeq 2000, PAIRED, 200, 1175138768, 8020585, 8020585
109983, Bursaphelenchus mucronatus, 6325, RNA-Seq, Illumina Genome Analyzer II, PAIRED, 200, 1903115657, 16351464, 16351464
109982, Bursaphelenchus xylophilus, 6326, RNA-Seq, Illumina Genome Analyzer II, PAIRED, 200, 2004561343, 17267877, 17267877
157987, Caenorhabditis elegans, 6239, RNA-Seq, Illumina HiSeq 2000, PAIRED, , 1248230814, 8253048, 8253048
181334, Caenorhabditis elegans, 6239, RNA-Seq, Illumina HiSeq 2000, PAIRED, , 1305148881, 9350939, 9350939
555614, Oscarella carmela, 386100, RNA-Seq, Illumina HiSeq 2000, PAIRED, , 7934127733, 84543565, 84543565
555615, Ephydatia muelleri, 6052, RNA-Seq, Illumina HiSeq 2000, PAIRED, , 7402158457, 78257690, 78257690
446196, Haemonchus contortus, 6289, RNA-Seq, Illumina Genome Analyzer II, PAIRED, 200, 2152401999, 22216429, 22216429
446197, Haemonchus contortus, 6289, RNA-Seq, Illumina Genome Analyzer II, PAIRED, 200, 1959523611, 20998641, 20998641
446195, Haemonchus contortus, 6289, RNA-Seq, Illumina Genome Analyzer II, PAIRED, 200, 2562503298, 29589695, 29589695
446208, Haemonchus contortus, 6289, RNA-Seq, Illumina Genome Analyzer II, PAIRED, 200, 2060085860, 21690343, 21690343
446209, Haemonchus contortus, 6289, RNA-Seq, Illumina Genome Analyzer II, PAIRED, 200, 1888985387, 20256544, 20256544
446206, Haemonchus contortus, 6289, RNA-Seq, Illumina Genome Analyzer II, PAIRED, , 2965360014, 32681026, 32681026
446207, Haemonchus contortus, 6289, RNA-Seq, Illumina HiSeq 2000, PAIRED, 200, 5778045041, 39155400, 39155400
446205, Haemonchus contortus, 6289, RNA-Seq, Illumina Genome Analyzer II, PAIRED, 200, 2192912928, 24630650, 24630650
483939, Theridion grallator, 233488, RNA-Seq, Illumina HiSeq 2000, PAIRED, 250, 6642264846, 188771632, 188771632
483938, Theridion grallator, 233488, RNA-Seq, Illumina HiSeq 2000, PAIRED, 250, 3658234042, 69679539, 69679539
337708, , 6211, RNA-Seq, Illumina HiSeq 2000, PAIRED, 350, 2310238850, 15183815, 15183815
337709, , 6211, RNA-Seq, Illumina HiSeq 2000, PAIRED, 350, 2505005814, 16268346, 16268346
489007, , 6211, RNA-Seq, Illumina HiSeq 2000, PAIRED, 350, 1632424970, 10971874, 10971874
489006, , 6211, RNA-Seq, Illumina HiSeq 2000, PAIRED, 350, 1451040885, 9747177, 9747177
489009, , 6211, RNA-Seq, Illumina HiSeq 2000, PAIRED, 350, 1455718406, 9754970, 9754970
489008, , 6211, RNA-Seq, Illumina HiSeq 2000, PAIRED, 350, 1547596984, 10286605, 10286605
337707, , 6211, RNA-Seq, Illumina HiSeq 2000, PAIRED, 350, 2440501423, 15823515, 15823515
337704, , 85433, RNA-Seq, Illumina HiSeq 2000, PAIRED, 350, 2512806027, 16892562, 16892562
337705, , 6210, RNA-Seq, Illumina HiSeq 2000, PAIRED, 350, 2364335741, 15645792, 15645792
468649, Dermacentor reticulatus, 57047, RNA-Seq, Illumina Genome Analyzer IIx, PAIRED, 207, 3439197, 26563, 26563
474966, Latrodectus tredecimguttatus, 6925, RNA-Seq, Illumina HiSeq 2000, PAIRED, , 2790594315, 27605467, 27605467
428596, , 34506, RNA-Seq, Illumina HiSeq 2000, PAIRED, 350, 2732815781, 19569118, 19569118
428594, , 34506, RNA-Seq, Illumina HiSeq 2000, PAIRED, 350, 3130401977, 22453030, 22453030
420567, Dendrocoelum lacteum, 27895, RNA-Seq, Illumina HiSeq 2000, PAIRED, 300, 49765073461, 353912848, 353912848
428590, , 34506, RNA-Seq, Illumina HiSeq 2000, PAIRED, 350, 3104684581, 22510318, 22510318
382050, Nematostella vectensis, 45351, RNA-Seq, Illumina HiSeq 2000, PAIRED, , 8759027657, 94680239, 94680239
140201, Apostichopus japonicus, 307972, RNA-Seq, Illumina HiSeq 2000, PAIRED, 100, 1655032929, 13421415, 13421415
522560, Evechinus chloroticus, 137513, RNA-Seq, Illumina HiSeq 2000, PAIRED, , 2794181827, 21359246, 21359246
413958, , 6161, RNA-Seq, Illumina HiSeq 2000, PAIRED, 350, 2261560877, 15269184, 15269184
413959, , 6161, RNA-Seq, Illumina HiSeq 2000, PAIRED, 350, 5538099263, 37630196, 37630196
413956, , 6161, RNA-Seq, Illumina HiSeq 2000, PAIRED, 350, 2131118041, 14405685, 14405685
413957, , 6161, RNA-Seq, Illumina HiSeq 2000, PAIRED, 350, 1763062985, 11940054, 11940054
224224, , 7668, RNA-Seq, Illumina Genome Analyzer IIx, PAIRED, 200, 3691642628, 40143113, 40143113
224225, , 7668, RNA-Seq, Illumina Genome Analyzer IIx, PAIRED, 200, 2041738181, 23510658, 23510658
148570, , 7209, RNA-Seq, Illumina Genome Analyzer II, PAIRED, 380, 306034558, 5738066, 5738066
224228, , 7668, RNA-Seq, Illumina Genome Analyzer IIx, PAIRED, 200, 3260446192, 38008875, 38008875
224229, , 7668, RNA-Seq, Illumina Genome Analyzer IIx, PAIRED, 200, 3688362230, 41562845, 41562845
246620, Patiria miniata, 46514, RNA-Seq, Illumina HiSeq 1000, PAIRED, 350, 6985940360, 63606499, 63606499
246621, Patiria miniata, 46514, RNA-Seq, Illumina HiSeq 1000, PAIRED, , 7043160850, 64071090, 64071090
280628, , 36090, RNA-Seq, Illumina HiSeq 2000, PAIRED, 200, 930335810, 6346943, 6346943
280629, , 36090, RNA-Seq, Illumina HiSeq 2000, PAIRED, 200, 834793561, 5705301, 5705301
280620, , 36090, RNA-Seq, Illumina HiSeq 2000, PAIRED, 200, 919112545, 6286391, 6286391
280621, , 36090, RNA-Seq, Illumina HiSeq 2000, PAIRED, 200, 943960086, 6448542, 6448542
280622, , 36090, RNA-Seq, Illumina HiSeq 2000, PAIRED, 200, 1322809358, 9054320, 9054320
280623, , 36090, RNA-Seq, Illumina HiSeq 2000, PAIRED, 200, 804810428, 5500768, 5500768
280624, , 36090, RNA-Seq, Illumina HiSeq 2000, PAIRED, 200, 826672042, 5642486, 5642486
280625, , 36090, RNA-Seq, Illumina HiSeq 2000, PAIRED, 200, 989054855, 6754044, 6754044
280626, , 36090, RNA-Seq, Illumina HiSeq 2000, PAIRED, 200, 1175293411, 8037868, 8037868
280627, , 36090, RNA-Seq, Illumina HiSeq 2000, PAIRED, 200, 1095947138, 7501025, 7501025
395147, , 6253, RNA-Seq, Illumina HiSeq 2000, PAIRED, 363, 36520472, 282848, 282848
530877, , 29172, RNA-Seq, Illumina HiSeq 2000, PAIRED, 385, 5624130784, 40075618, 40075618
530876, , 29172, RNA-Seq, Illumina HiSeq 2000, PAIRED, 376, 5053314535, 36026439, 36026439
530875, , 29172, RNA-Seq, Illumina HiSeq 2000, PAIRED, 363, 8702879064, 62812374, 62812374
530874, , 29172, RNA-Seq, Illumina HiSeq 2000, PAIRED, 281, 4267752446, 31901507, 31901507
530873, , 29172, RNA-Seq, Illumina HiSeq 2000, PAIRED, 281, 4657928861, 34739006, 34739006
446172, Haemonchus contortus, 6289, RNA-Seq, Illumina Genome Analyzer II, PAIRED, 200, 2464525990, 25048441, 25048441
530879, , 29172, RNA-Seq, Illumina HiSeq 2000, PAIRED, 373, 5498083504, 39248854, 39248854
530878, , 29172, RNA-Seq, Illumina HiSeq 2000, PAIRED, 361, 5000912541, 35595354, 35595354
540115, Pocillopora damicornis, 46731, RNA-Seq, Illumina Genome Analyzer IIx, PAIRED, 101, 17496552333, 134363093, 134363093
47179, Ascaris suum, 6253, RNA-Seq, Illumina Genome Analyzer II, PAIRED, 250, 869902936, 5574786, 5574786
307752, , 6282, RNA-Seq, Illumina HiSeq 2000, PAIRED, 350, 4762299289, 36572371, 36572371
307753, , 6282, RNA-Seq, Illumina HiSeq 2000, PAIRED, 350, 1447814661, 12812821, 12812821
406399, , 6161, RNA-Seq, Illumina HiSeq 2000, PAIRED, 350, 2050953894, 15505353, 15505353
127950, Penaeus monodon, 6687, RNA-Seq, Illumina Genome Analyzer II, PAIRED, , 3456249793, 38865759, 38865759
127951, Penaeus monodon, 6687, RNA-Seq, Illumina Genome Analyzer II, PAIRED, , 2507498723, 29613680, 29613680
489038, , 6211, RNA-Seq, Illumina HiSeq 2000, PAIRED, 350, 2353988994, 15772219, 15772219
489039, , 6211, RNA-Seq, Illumina HiSeq 2000, PAIRED, 350, 2495710606, 16708923, 16708923
489034, , 6211, RNA-Seq, Illumina HiSeq 2000, PAIRED, 350, 2308107887, 15321121, 15321121
489035, , 6211, RNA-Seq, Illumina HiSeq 2000, PAIRED, 350, 1884560320, 12551907, 12551907
489036, , 6211, RNA-Seq, Illumina HiSeq 2000, PAIRED, 350, 2450469996, 16383271, 16383271
489037, , 6211, RNA-Seq, Illumina HiSeq 2000, PAIRED, 350, 1643528984, 10971827, 10971827
489030, , 6211, RNA-Seq, Illumina HiSeq 2000, PAIRED, 350, 1720072938, 11675089, 11675089
489031, , 85433, RNA-Seq, Illumina HiSeq 2000, PAIRED, 350, 1582344371, 10852170, 10852170
489032, , 6211, RNA-Seq, Illumina HiSeq 2000, PAIRED, 350, 1921048153, 12783931, 12783931
489033, , 6211, RNA-Seq, Illumina HiSeq 2000, PAIRED, 350, 2342121314, 15607275, 15607275
276429, Cerebratulus marginatus, 187795, RNA-Seq, Illumina Genome Analyzer II, PAIRED, 200, 2482412829, 26688280, 26688280
276428, , 256108, RNA-Seq, Illumina Genome Analyzer II, PAIRED, 320, 4314319963, 23189291, 23189291
428589, , 34506, RNA-Seq, Illumina HiSeq 2000, PAIRED, 350, 4250164171, 30810018, 30810018
428588, , 34506, RNA-Seq, Illumina HiSeq 2000, PAIRED, 350, 2803626492, 20417716, 20417716
247948, , 79674, RNA-Seq, Illumina HiSeq 2000, PAIRED, 100, 303720, 1530, 1530
418165, Macrobrachium rosenbergii, 79674, RNA-Seq, Illumina HiSeq 2000, PAIRED, 200, 310233, 1657, 1657
244540, , 6239, RNA-Seq, Illumina HiSeq 2000, PAIRED, , 5680696598, 84622551, 84622551
244542, , 6239, RNA-Seq, Illumina HiSeq 2000, PAIRED, , 4630646685, 43166159, 43166159
480725, Amblyomma maculatum, 34609, RNA-Seq, Illumina HiSeq 2000, PAIRED, 101, 3348249507, 25934570, 25934570
514847, Caenorhabditis elegans, 6239, RNA-Seq, Illumina HiSeq 2000, PAIRED, , 13065579081, 92914953, 92914953
514848, Caenorhabditis elegans, 6239, RNA-Seq, Illumina HiSeq 2000, PAIRED, , 3097634285, 21746278, 21746278
410775, Oesophagostomum dentatum, 61180, RNA-Seq, Illumina HiSeq 2000, PAIRED, 300, 11006437020, 83468273, 83468273
410771, Oesophagostomum dentatum, 61180, RNA-Seq, Illumina HiSeq 2000, PAIRED, 300, 10449996580, 79101324, 79101324
410779, Oesophagostomum dentatum, 61180, RNA-Seq, Illumina HiSeq 2000, PAIRED, 300, 23989962267, 163695843, 163695843
280637, , 36090, RNA-Seq, Illumina HiSeq 2000, PAIRED, 325, 2005384300, 12778150, 12778150
280636, , 36090, RNA-Seq, Illumina HiSeq 2000, PAIRED, 325, 2052029676, 13018342, 13018342
280635, , 36090, RNA-Seq, Illumina HiSeq 2000, PAIRED, 325, 1659851869, 10653372, 10653372
280634, , 36090, RNA-Seq, Illumina HiSeq 2000, PAIRED, 325, 1567059065, 10147276, 10147276
280633, , 31243, RNA-Seq, Illumina HiSeq 2000, PAIRED, 325, 1577368286, 10132170, 10132170
280632, , 31243, RNA-Seq, Illumina HiSeq 2000, PAIRED, 325, 1346738212, 8579582, 8579582
280631, , 31243, RNA-Seq, Illumina HiSeq 2000, PAIRED, 325, 2087611610, 13394038, 13394038
280630, , 36090, RNA-Seq, Illumina HiSeq 2000, PAIRED, 200, 984204959, 6734269, 6734269
280639, , 31243, RNA-Seq, Illumina HiSeq 2000, PAIRED, 325, 3579584115, 28593901, 28593901
280638, , 36090, RNA-Seq, Illumina HiSeq 2000, PAIRED, 325, 2348746708, 15094066, 15094066
394121, , 6161, RNA-Seq, Illumina HiSeq 2000, PAIRED, 350, 2823991473, 21650352, 21650352
394120, , 6161, RNA-Seq, Illumina HiSeq 2000, PAIRED, 350, 2324264072, 17877910, 17877910
410801, Oesophagostomum dentatum, 61180, RNA-Seq, Illumina HiSeq 2000, PAIRED, 300, 6146776682, 41802076, 41802076
47189, Ascaris suum, 6253, RNA-Seq, Illumina Genome Analyzer II, PAIRED, 250, 5082095307, 20824848, 20824848
47188, Ascaris suum, 6253, RNA-Seq, Illumina Genome Analyzer II, PAIRED, 250, 4123504459, 16896821, 16896821
47185, Ascaris suum, 6253, RNA-Seq, Illumina Genome Analyzer II, PAIRED, 250, 1062219301, 4577676, 4577676
47184, Ascaris suum, 6253, RNA-Seq, Illumina Genome Analyzer II, PAIRED, 250, 601130534, 3852314, 3852314
47187, Ascaris suum, 6253, RNA-Seq, Illumina Genome Analyzer II, PAIRED, 250, 3730242565, 15285349, 15285349
47186, Ascaris suum, 6253, RNA-Seq, Illumina Genome Analyzer II, PAIRED, 250, 2481161965, 10166982, 10166982
47180, Ascaris suum, 6253, RNA-Seq, Illumina Genome Analyzer II, PAIRED, 250, 1351752396, 5825455, 5825455
489029, , 6211, RNA-Seq, Illumina HiSeq 2000, PAIRED, 350, 1288582874, 8679704, 8679704
489028, , 6210, RNA-Seq, Illumina HiSeq 2000, PAIRED, 350, 1320564266, 8937695, 8937695
489023, , 6211, RNA-Seq, Illumina HiSeq 2000, PAIRED, 350, 1571724283, 10694594, 10694594
489022, , 6211, RNA-Seq, Illumina HiSeq 2000, PAIRED, 350, 1233660484, 8353497, 8353497
489021, , 6211, RNA-Seq, Illumina HiSeq 2000, PAIRED, 350, 1322438908, 8862717, 8862717
489020, , 6211, RNA-Seq, Illumina HiSeq 2000, PAIRED, 350, 1383753293, 9390598, 9390598
489027, , 6211, RNA-Seq, Illumina HiSeq 2000, PAIRED, 350, 1375677601, 9347257, 9347257
489026, , 6211, RNA-Seq, Illumina HiSeq 2000, PAIRED, 350, 1802822547, 12297472, 12297472
489025, , 6210, RNA-Seq, Illumina HiSeq 2000, PAIRED, 350, 1781937580, 11807423, 11807423
489024, , 6211, RNA-Seq, Illumina HiSeq 2000, PAIRED, 350, 1353121120, 9159469, 9159469
531284, , 29172, RNA-Seq, Illumina HiSeq 2000, PAIRED, 351, 4978614709, 34098273, 34098273
326498, , 6289, RNA-Seq, Illumina HiSeq 2000, PAIRED, 350, 1109379200, 7914080, 7914080
326490, , 6289, RNA-Seq, Illumina HiSeq 2000, PAIRED, 350, 1120103691, 7961760, 7961760
326491, , 6289, RNA-Seq, Illumina HiSeq 2000, PAIRED, 350, 1062645068, 7507038, 7507038
326492, , 6289, RNA-Seq, Illumina HiSeq 2000, PAIRED, 350, 1134410121, 8007523, 8007523
326493, , 6289, RNA-Seq, Illumina HiSeq 2000, PAIRED, 350, 1008874595, 7105872, 7105872
326494, , 6289, RNA-Seq, Illumina HiSeq 2000, PAIRED, 350, 1087767328, 7715871, 7715871
326495, , 6289, RNA-Seq, Illumina HiSeq 2000, PAIRED, 350, 1050111150, 7483410, 7483410
326496, , 6289, RNA-Seq, Illumina HiSeq 2000, PAIRED, 350, 1028211089, 7293111, 7293111
326497, , 6289, RNA-Seq, Illumina HiSeq 2000, PAIRED, 350, 992772296, 7023363, 7023363
56029, Schmidtea mediterranea, 79327, RNA-Seq, Illumina Genome Analyzer IIx, PAIRED, 200, 5424647060, 46480085, 46480085
553844, Strongylocentrotus purpuratus, 7668, RNA-Seq, Illumina HiSeq 2000, PAIRED, , 2189016133, 32708969, 32708969
553840, Strongylocentrotus purpuratus, 7668, RNA-Seq, Illumina HiSeq 2000, PAIRED, , 2374215758, 35178372, 35178372
553842, Strongylocentrotus purpuratus, 7668, RNA-Seq, Illumina HiSeq 2000, PAIRED, , 2033262812, 30329645, 30329645
157986, Caenorhabditis elegans, 6239, RNA-Seq, Illumina HiSeq 2000, PAIRED, , 2764731487, 18285547, 18285547
269020, Aiptasia CC7, 12922, RNA-Seq, Illumina HiSeq 2000, PAIRED, 250, 51154432266, 364844932, 364844932
509860, Caenorhabditis elegans, 6239, RNA-Seq, Illumina HiSeq 2000, PAIRED, , 15682908549, 129328559, 129328559
280642, , 36090, RNA-Seq, Illumina HiSeq 2000, PAIRED, 325, 3917171957, 31224725, 31224725
280643, , 36090, RNA-Seq, Illumina HiSeq 2000, PAIRED, 325, 3649185497, 29111995, 29111995
280640, , 36090, RNA-Seq, Illumina HiSeq 2000, PAIRED, 325, 3812659481, 30389776, 30389776
280641, , 36090, RNA-Seq, Illumina HiSeq 2000, PAIRED, 325, 3765975458, 29915561, 29915561
280644, , 36090, RNA-Seq, Illumina HiSeq 2000, PAIRED, 325, 3873354321, 30823002, 30823002
268538, , 51031, RNA-Seq, Illumina MiSeq, PAIRED, 398, 2060331170, 11670964, 11670964
268539, , 51031, RNA-Seq, Illumina Genome Analyzer II, PAIRED, 281, 3167430950, 23656620, 23656620
268535, Necator americanus, 51031, RNA-Seq, Illumina Genome Analyzer II, PAIRED, 281, 1813338653, 13500485, 13500485
47190, Ascaris suum, 6253, RNA-Seq, Illumina Genome Analyzer II, PAIRED, 250, 3329586444, 13643576, 13643576
525692, Crassostrea gigas, 29159, RNA-Seq, Illumina HiSeq 2000, PAIRED, , 3009327016, 53546545, 53546545
