id,accession,library_strategy,library_layout,instrument_model,taxon_id,scientific_name,run_accession,nreads,read_average,total_spots,total_bases,size,published
601202,ERX373358,RNA-Seq,PAIRED,Illumina Genome Analyzer II,36090,Globodera pallida,ERR406997,2,76,13752022,2090307344,1550102425,2014-01-22 19:22:23
601201,ERX373357,RNA-Seq,PAIRED,Illumina Genome Analyzer II,36090,Globodera pallida,ERR406996,2,76,12913585,1962864920,1353565283,2014-01-22 19:22:23
601200,ERX373356,RNA-Seq,PAIRED,Illumina Genome Analyzer II,36090,Globodera pallida,ERR406995,2,76,13842645,2104082040,1534731084,2014-01-22 19:22:23
601197,ERX373360,RNA-Seq,PAIRED,Illumina Genome Analyzer II,36090,Globodera pallida,ERR406999,2,76,15402243,2341140936,1764735598,2014-01-22 19:22:23
601196,ERX373359,RNA-Seq,PAIRED,Illumina Genome Analyzer II,36090,Globodera pallida,ERR406998,2,76,11498152,1747719104,1248238492,2014-01-22 19:22:23
563573,SRX392718,RNA-Seq,PAIRED,Illumina Genome Analyzer IIx,6238,Caenorhabditis briggsae,SRR1050793,2,76,15370016,2336242432,1797428677,2014-01-23 15:36:15
563572,SRX392717,RNA-Seq,PAIRED,Illumina Genome Analyzer IIx,6238,Caenorhabditis briggsae,SRR1050792,1,76,39483552,3000749952,2041852717,2014-01-23 15:36:15
563571,SRX392716,RNA-Seq,PAIRED,Illumina Genome Analyzer IIx,6238,Caenorhabditis briggsae,SRR1050791,2,76,16602099,2523519048,1946008639,2014-01-23 15:36:15
563570,SRX392715,RNA-Seq,PAIRED,Illumina Genome Analyzer IIx,6238,Caenorhabditis briggsae,SRR1050790,1,76,40790594,3100085144,2136157534,2014-01-23 15:36:15
563569,SRX392714,RNA-Seq,PAIRED,Illumina Genome Analyzer IIx,6238,Caenorhabditis briggsae,SRR1050789,1,76,42920508,3261958608,2241136270,2014-01-23 15:36:15
563568,SRX392713,RNA-Seq,PAIRED,Illumina Genome Analyzer IIx,6238,Caenorhabditis briggsae,SRR1050788,1,76,47467568,3607535168,2481378279,2014-01-23 15:36:15
563567,SRX392712,RNA-Seq,PAIRED,Illumina Genome Analyzer IIx,6238,Caenorhabditis briggsae,SRR1050787,1,76,41850214,3180616264,2196498855,2014-01-23 15:36:15
563566,SRX392711,RNA-Seq,PAIRED,Illumina Genome Analyzer IIx,6238,Caenorhabditis briggsae,SRR1050786,2,76,12719780,1933406560,1461306256,2014-01-23 15:36:15
563565,SRX392710,RNA-Seq,PAIRED,Illumina Genome Analyzer IIx,6238,Caenorhabditis briggsae,SRR1050785,2,76,10120026,1538243952,1187854535,2014-01-23 15:36:15
563564,SRX392709,RNA-Seq,PAIRED,Illumina Genome Analyzer IIx,6238,Caenorhabditis briggsae,SRR1050784,1,76,40040886,3043107336,2116303098,2014-01-23 15:36:15
563563,SRX392708,RNA-Seq,PAIRED,Illumina Genome Analyzer IIx,6238,Caenorhabditis briggsae,SRR1050783,2,76,2105586,320049072,237514489,2014-01-23 15:36:15
563562,SRX392707,RNA-Seq,PAIRED,Illumina Genome Analyzer IIx,6238,Caenorhabditis briggsae,SRR1050782,2,76,7757872,1179196544,887509877,2014-01-23 15:36:15
563561,SRX392706,RNA-Seq,PAIRED,Illumina Genome Analyzer IIx,6238,Caenorhabditis briggsae,SRR1050781,1,76,29968702,2277621352,1548904510,2014-01-23 15:36:15
563560,SRX392705,RNA-Seq,PAIRED,Illumina Genome Analyzer IIx,6239,Caenorhabditis elegans,SRR1050780,2,76,15312869,2327556088,1781928767,2014-01-23 15:36:15
563559,SRX392704,RNA-Seq,PAIRED,Illumina Genome Analyzer IIx,6239,Caenorhabditis elegans,SRR1050779,1,76,26026042,1977979192,1316337822,2014-01-23 15:36:15
563558,SRX392703,RNA-Seq,PAIRED,Illumina Genome Analyzer IIx,6239,Caenorhabditis elegans,SRR1050778,2,76,13760189,2091548728,1583699023,2014-01-23 15:36:15
563557,SRX392702,RNA-Seq,PAIRED,Illumina Genome Analyzer IIx,6239,Caenorhabditis elegans,SRR1050777,1,76,32096248,2439314848,1693609547,2014-01-23 15:36:15
563556,SRX392701,RNA-Seq,PAIRED,Illumina Genome Analyzer IIx,6239,Caenorhabditis elegans,SRR1050776,1,76,32439676,2465415376,1694487118,2014-01-23 15:36:15
563555,SRX392700,RNA-Seq,PAIRED,Illumina Genome Analyzer IIx,6239,Caenorhabditis elegans,SRR1050775,1,76,28404368,2158731968,1463469154,2014-01-23 15:36:15
563554,SRX392699,RNA-Seq,PAIRED,Illumina Genome Analyzer IIx,6239,Caenorhabditis elegans,SRR1050774,1,76,27078348,2057954448,1390972452,2014-01-23 15:36:15
563553,SRX392698,RNA-Seq,PAIRED,Illumina Genome Analyzer IIx,6239,Caenorhabditis elegans,SRR1050773,2,76,48101699,7022848054,4757076559,2014-01-23 15:36:15
563552,SRX392697,RNA-Seq,PAIRED,Illumina Genome Analyzer IIx,6239,Caenorhabditis elegans,SRR1050772,2,76,46213054,6747105884,4557587103,2014-01-23 15:36:15
563551,SRX392696,RNA-Seq,PAIRED,Illumina Genome Analyzer IIx,6239,Caenorhabditis elegans,SRR1050771,1,76,27094012,2059144912,1366548119,2014-01-23 15:36:15
563550,SRX392695,RNA-Seq,PAIRED,Illumina Genome Analyzer IIx,6239,Caenorhabditis elegans,SRR1050770,2,76,51202173,7475517258,5117998907,2014-01-23 15:36:15
563549,SRX392694,RNA-Seq,PAIRED,Illumina Genome Analyzer IIx,6239,Caenorhabditis elegans,SRR1050769,2,76,46271268,6755605128,4512255754,2014-01-23 15:36:15
563548,SRX392693,RNA-Seq,PAIRED,Illumina Genome Analyzer IIx,6239,Caenorhabditis elegans,SRR1050768,1,76,27076598,2057821448,1362528379,2014-01-23 15:36:15
509728,SRX360523,RNA-Seq,PAIRED,Illumina HiSeq 2500,1401002,Gasteracantha hasselti,SRR1048659,2,90,12564452,2261601360,1738545730,2013-12-15 22:31:06
509726,SRX360521,RNA-Seq,PAIRED,Illumina HiSeq 2500,1401006,Nasoonaria sinensis,SRR1048661,2,90,19990955,3598371900,2772808756,2013-12-15 22:31:06
509724,SRX360519,RNA-Seq,PAIRED,Illumina HiSeq 2500,1401004,Macracantha arcuata,SRR1048826,2,90,17523883,3154298940,2445900270,2013-12-15 22:36:07
527368,SRX368686,RNA-Seq,PAIRED,Illumina Genome Analyzer IIx,44603,Dictyocaulus filaria,SRR1019174,2,78,14702570,2161277790,924257711,2014-01-01 00:00:00
547726,SRX382957,RNA-Seq,PAIRED,Illumina HiSeq 2000,6689,Litopenaeus vannamei,SRR1037366,2,90,429357,77284260,57357017,2013-11-27 00:00:00
547725,SRX382956,RNA-Seq,PAIRED,Illumina HiSeq 2000,6689,Litopenaeus vannamei,SRR1037365,2,90,512188,92193840,68150947,2013-11-27 00:00:00
547724,SRX382955,RNA-Seq,PAIRED,Illumina HiSeq 2000,6689,Litopenaeus vannamei,SRR1037364,2,90,827980,149036400,110007639,2013-11-27 00:00:00
547723,SRX382954,RNA-Seq,PAIRED,Illumina HiSeq 2000,6689,Litopenaeus vannamei,SRR1037363,2,90,202065,36371700,26757042,2013-11-27 00:00:00
547722,SRX382953,RNA-Seq,PAIRED,Illumina HiSeq 2000,6689,Litopenaeus vannamei,SRR1037362,2,90,49814,8966520,6416905,2013-11-27 00:00:00
514319,SRX362186,RNA-Seq,PAIRED,Illumina Genome Analyzer IIx,1260986,Pugilina cochlidium,SRR1005737,2,76,33772545,5133426840,2979831097,2013-10-05 00:00:00
512757,SRX361116,RNA-Seq,PAIRED,Illumina Genome Analyzer IIx,73031,Perna viridis,SRR1005735,2,76,20794585,3160776920,1742142695,2013-10-04 00:00:00
382050,SRX272749,RNA-Seq,PAIRED,Illumina HiSeq 2000,45351,Nematostella vectensis,SRR836055,2,76,94680239,14391396328,8759027657,2013-12-02 10:23:16
382047,SRX272746,RNA-Seq,PAIRED,Illumina HiSeq 2000,45351,Nematostella vectensis,SRR836051,2,76,90783466,13799086832,8431734094,2013-12-02 10:23:16
382046,SRX272745,RNA-Seq,PAIRED,Illumina HiSeq 2000,45351,Nematostella vectensis,SRR836050,2,76,60531997,9200863544,5141980879,2013-12-02 10:23:16
382045,SRX272744,RNA-Seq,PAIRED,Illumina HiSeq 2000,45351,Nematostella vectensis,SRR836049,2,76,104254898,15846744496,9984391015,2013-12-02 10:23:16
315632,SRX226887,RNA-Seq,PAIRED,Illumina Genome Analyzer IIx,6233,Panagrellus redivivus,SRR678893,2,76,45086997,6853223544,4091854090,2013-02-08 17:32:43
266559,SRX201523,RNA-Seq,PAIRED,Illumina HiSeq 2000,6334,Trichinella spiralis,SRR609196,2,73,14481410,2143248680,992075289,2012-10-31 10:06:54
266558,SRX201522,RNA-Seq,PAIRED,Illumina HiSeq 2000,6334,Trichinella spiralis,SRR609195,2,73,13064173,1933497604,906545224,2012-10-31 10:06:43
266557,SRX201521,RNA-Seq,PAIRED,Illumina HiSeq 2000,6334,Trichinella spiralis,SRR609194,2,72,14331352,2106708744,988900181,2012-10-31 10:06:48
238511,SRX181518,RNA-Seq,PAIRED,Illumina Genome Analyzer IIx,6239,Caenorhabditis elegans,SRR548312,2,80,23760240,3801638400,1828352460,2012-09-04 09:28:35
238510,SRX181517,RNA-Seq,PAIRED,Illumina Genome Analyzer IIx,6239,Caenorhabditis elegans,SRR548311,2,80,32472553,5195608480,2525076001,2012-09-04 09:28:35
238509,SRX181516,RNA-Seq,PAIRED,Illumina Genome Analyzer IIx,6239,Caenorhabditis elegans,SRR548310,2,76,26040051,3958087752,2878938414,2012-09-04 09:28:35
238508,SRX181515,RNA-Seq,PAIRED,Illumina Genome Analyzer IIx,6239,Caenorhabditis elegans,SRR548309,2,76,24364676,3703430752,2639230116,2012-09-04 09:28:35
212400,SRX170733,RNA-Seq,PAIRED,Illumina HiSeq 2000,29159,Crassostrea gigas,SRR526975,2,90,17411345,3134042100,1927513573,2012-09-14 14:19:02
192916,SRX151822,RNA-Seq,PAIRED,Illumina Genome Analyzer II,6253,Ascaris suum,SRR504562,2,76,5574786,847367472,592648522,2012-11-13 15:09:42
184763,SRX148581,RNA-Seq,PAIRED,Illumina HiSeq 2000,29159,Crassostrea gigas,SRR497891,2,92,13719859,2524454056,1727879107,2012-12-17 08:53:27
184762,SRX148580,RNA-Seq,PAIRED,Illumina HiSeq 2000,29159,Crassostrea gigas,SRR497890,2,93,15354006,2855845116,1937804302,2012-12-17 08:53:27
107157,SRX093539,RNA-Seq,PAIRED,Illumina HiSeq 2000,29159,Crassostrea gigas,SRR334340,2,90,20268206,3648277080,2208729814,2013-01-14 15:14:46
107156,SRX093538,RNA-Seq,PAIRED,Illumina HiSeq 2000,29159,Crassostrea gigas,SRR334339,2,90,23330514,4199492520,2433765021,2013-01-14 15:14:45
107038,SRX093420,RNA-Seq,PAIRED,Illumina HiSeq 2000,29159,Crassostrea gigas,SRR334221,2,90,27006399,4861151820,3097357731,2013-01-14 15:11:07
107037,SRX093419,RNA-Seq,PAIRED,Illumina HiSeq 2000,29159,Crassostrea gigas,SRR334220,2,90,27369861,4926574980,3154220351,2013-01-14 15:11:06
107036,SRX093418,RNA-Seq,PAIRED,Illumina HiSeq 2000,29159,Crassostrea gigas,SRR334219,2,90,26175361,4711564980,3138418196,2013-01-14 15:11:04
107035,SRX093417,RNA-Seq,PAIRED,Illumina HiSeq 2000,29159,Crassostrea gigas,SRR334218,2,90,16636541,2994577380,2005563941,2013-01-14 15:11:02
107034,SRX093416,RNA-Seq,PAIRED,Illumina HiSeq 2000,29159,Crassostrea gigas,SRR334217,2,90,19449522,3500913960,2336812284,2013-01-14 15:11:00
107033,SRX093415,RNA-Seq,PAIRED,Illumina HiSeq 2000,29159,Crassostrea gigas,SRR334216,2,90,21227370,3820926600,2548124304,2013-01-14 15:10:58
107032,SRX093414,RNA-Seq,PAIRED,Illumina HiSeq 2000,29159,Crassostrea gigas,SRR334215,2,90,19565349,3521762820,2357422853,2013-01-14 15:10:55
107031,SRX093413,RNA-Seq,PAIRED,Illumina HiSeq 2000,29159,Crassostrea gigas,SRR334214,2,90,17218193,3099274740,2040072761,2013-01-14 15:10:51
107030,SRX093412,RNA-Seq,PAIRED,Illumina HiSeq 2000,29159,Crassostrea gigas,SRR334213,2,90,18597851,3347613180,2213671716,2013-01-14 15:06:16
107029,SRX093411,RNA-Seq,PAIRED,Illumina HiSeq 2000,29159,Crassostrea gigas,SRR334212,2,90,16878557,3038140260,2003336197,2013-01-14 15:06:08
47184,SRX039745,RNA-Seq,PAIRED,Illumina Genome Analyzer II,6253,Ascaris suum,SRR096900,2,76,3852314,585551728,601130534,2011-06-17 12:03:58
47179,SRX039740,RNA-Seq,PAIRED,Illumina Genome Analyzer II,6253,Ascaris suum,SRR096895,2,76,5574786,847367472,869902936,2011-06-17 12:03:58
148570,SRX130438,RNA-Seq,PAIRED,Illumina Genome Analyzer II,7209,Loa loa,SRR446605,2,76,5738066,872186032,306034558,2012-03-20 23:58:02
483841,SRX342361,RNA-Seq,PAIRED,Illumina Genome Analyzer II,233488,Theridion grallator,SRR960614,2,76,32638012,4960977824,3074435716,2013-09-30 00:00:00
483837,SRX342357,RNA-Seq,PAIRED,Illumina Genome Analyzer II,233488,Theridion grallator,SRR960611,2,76,5320607,808732264,215952077,2013-09-30 00:00:00
483781,SRX342301,RNA-Seq,PAIRED,Illumina Genome Analyzer II,1047188,Theridion californicum,SRR960577,2,76,15767178,2396611056,1351677529,2013-09-30 00:00:00
483779,SRX342299,RNA-Seq,PAIRED,Illumina Genome Analyzer II,1047188,Theridion californicum,SRR960574,2,76,32787445,4983691640,3039398220,2013-09-30 00:00:00
474966,SRX337503,RNA-Seq,PAIRED,Illumina HiSeq 2000,6925,Latrodectus tredecimguttatus,SRR954929,2,90,27605467,4968984060,2790594315,2013-12-18 10:43:05
450318,ERX278740,RNA-Seq,PAIRED,Illumina Genome Analyzer IIx,6239,Caenorhabditis elegans,ERR305390,2,75,25953543,3893031450,2751567878,2013-07-21 16:13:35
450317,ERX278739,RNA-Seq,PAIRED,Illumina Genome Analyzer IIx,6239,Caenorhabditis elegans,ERR305400,2,75,23246239,3486935850,2460577392,2013-07-21 16:13:35
450315,ERX278737,RNA-Seq,PAIRED,Illumina Genome Analyzer IIx,6239,Caenorhabditis elegans,ERR305394,2,75,24145595,3621839250,2572398270,2013-07-21 16:13:35
446209,SRX319260,RNA-Seq,PAIRED,Illumina Genome Analyzer II,6289,Haemonchus contortus,SRR928063,2,76,20256544,3078994688,1888985387,2013-07-19 16:55:30
446208,SRX319259,RNA-Seq,PAIRED,Illumina Genome Analyzer II,6289,Haemonchus contortus,SRR928062,2,76,21690343,3296932136,2060085860,2013-07-19 16:55:30
446206,SRX319257,RNA-Seq,PAIRED,Illumina Genome Analyzer II,6289,Haemonchus contortus,SRR928060,2,76,32681026,4967515952,2965360014,2013-07-19 16:55:30
446205,SRX319256,RNA-Seq,PAIRED,Illumina Genome Analyzer II,6289,Haemonchus contortus,SRR928059,2,76,24630650,3743858800,2192912928,2013-07-19 16:55:30
446197,SRX319248,RNA-Seq,PAIRED,Illumina Genome Analyzer II,6289,Haemonchus contortus,SRR928058,2,76,20998641,3191793432,1959523611,2013-07-19 16:55:30
446196,SRX319247,RNA-Seq,PAIRED,Illumina Genome Analyzer II,6289,Haemonchus contortus,SRR928057,2,76,22216429,3376897208,2152401999,2013-07-19 16:55:30
446195,SRX319246,RNA-Seq,PAIRED,Illumina Genome Analyzer II,6289,Haemonchus contortus,SRR928056,2,76,29589695,4497633640,2562503298,2013-07-19 16:55:30
446172,SRX319223,RNA-Seq,PAIRED,Illumina Genome Analyzer II,6289,Haemonchus contortus,SRR928055,2,76,25048441,3807363032,2464525990,2013-07-19 16:55:30
131116,SRX113576,RNA-Seq,PAIRED,Illumina Genome Analyzer IIx,61180,Oesophagostomum dentatum,SRR393670,2,75,20121506,1569477468,984319508,2012-12-28 00:00:00
337712,ERX207905,RNA-Seq,PAIRED,Illumina Genome Analyzer II,6211,,ERR233400,2,76,27843541,4232218232,2997752651,2013-03-08 02:09:14
337711,ERX207904,RNA-Seq,PAIRED,Illumina Genome Analyzer II,6209,,ERR233399,2,76,18566482,2822105264,1329109116,2013-03-07 01:57:29
307737,ERX200378,RNA-Seq,PAIRED,Illumina Genome Analyzer II,85433,Hymenolepis microstoma,ERR225718,2,76,23944234,3639523568,2564560179,2013-01-30 16:49:17
307736,ERX200377,RNA-Seq,PAIRED,Illumina Genome Analyzer II,85433,Hymenolepis microstoma,ERR225717,2,76,31505979,4788908808,3278301186,2013-01-30 16:50:12
307735,ERX200376,RNA-Seq,PAIRED,Illumina Genome Analyzer II,85433,Hymenolepis microstoma,ERR225716,2,76,17907552,2721947904,2190983747,2013-01-30 16:45:11
280586,ERX177119,RNA-Seq,PAIRED,Illumina HiSeq 2000,36090,Globodera pallida,ERR202434,2,75,25395022,3809253300,3022421399,2012-12-11 22:12:10
280585,ERX177118,RNA-Seq,PAIRED,Illumina HiSeq 2000,36090,Globodera pallida,ERR202433,2,75,26868203,4030230450,3211847125,2012-12-11 22:12:10
280584,ERX177117,RNA-Seq,PAIRED,Illumina HiSeq 2000,36090,Globodera pallida,ERR202432,2,75,27875565,4181334750,3308412337,2012-12-11 22:12:10
280583,ERX177116,RNA-Seq,PAIRED,Illumina HiSeq 2000,36090,Globodera pallida,ERR202431,2,75,26375906,3956385900,3138045049,2012-12-11 22:06:09
280582,ERX177115,RNA-Seq,PAIRED,Illumina Genome Analyzer II,36090,Globodera pallida,ERR202430,2,76,24365772,3703597344,2286714863,2012-12-11 22:06:09
280581,ERX177114,RNA-Seq,PAIRED,Illumina Genome Analyzer II,36090,Globodera pallida,ERR202429,2,76,27662381,4204681912,2650331686,2012-12-11 22:12:10
280580,ERX177113,RNA-Seq,PAIRED,Illumina Genome Analyzer II,36090,Globodera pallida,ERR202428,2,76,19920837,3027967224,1779100897,2012-12-11 21:59:10
280579,ERX177112,RNA-Seq,PAIRED,Illumina Genome Analyzer II,36090,Globodera pallida,ERR202427,2,76,20118131,3057955912,1827783056,2012-12-11 21:56:09
280578,ERX177111,RNA-Seq,PAIRED,Illumina Genome Analyzer II,36090,Globodera pallida,ERR202426,2,76,15963258,2426415216,1429337415,2012-12-11 22:02:08
280577,ERX177110,RNA-Seq,PAIRED,Illumina Genome Analyzer II,36090,Globodera pallida,ERR202425,2,76,21176722,3218861744,1834357338,2012-12-11 21:55:11
280576,ERX177109,RNA-Seq,PAIRED,Illumina Genome Analyzer II,36090,Globodera pallida,ERR202424,2,76,28722642,4365841584,2332891255,2013-01-03 23:16:13
280575,ERX177108,RNA-Seq,PAIRED,Illumina Genome Analyzer II,36090,Globodera pallida,ERR202423,2,76,33531336,5096763072,3699525836,2012-12-11 21:54:09
280574,ERX177107,RNA-Seq,PAIRED,Illumina Genome Analyzer II,36090,Globodera pallida,ERR202422,2,76,33731236,5127147872,3639607580,2012-12-11 21:50:12
224237,SRX173285,RNA-Seq,PAIRED,Illumina Genome Analyzer IIx,7668,Strongylocentrotus purpuratus,SRR532151,2,76,34500904,5244137408,3136290384,2012-08-08 00:00:00
224236,SRX173284,RNA-Seq,PAIRED,Illumina Genome Analyzer IIx,7668,Strongylocentrotus purpuratus,SRR532143,2,76,40987847,6230152744,3821191406,2012-08-08 00:00:00
224235,SRX173283,RNA-Seq,PAIRED,Illumina Genome Analyzer IIx,7668,Strongylocentrotus purpuratus,SRR532121,2,76,39172735,5954255720,3452532106,2012-08-08 00:00:00
224234,SRX173282,RNA-Seq,PAIRED,Illumina Genome Analyzer IIx,7668,Strongylocentrotus purpuratus,SRR532074,2,76,15375850,2337129200,1216752409,2012-08-08 00:00:00
224233,SRX173281,RNA-Seq,PAIRED,Illumina Genome Analyzer IIx,7668,Strongylocentrotus purpuratus,SRR532055,2,76,46458575,7061703400,4383761839,2012-08-08 00:00:00
224232,SRX173280,RNA-Seq,PAIRED,Illumina Genome Analyzer IIx,7668,Strongylocentrotus purpuratus,SRR532046,2,76,36339379,5523585608,3080687564,2012-08-08 00:00:00
224231,SRX173279,RNA-Seq,PAIRED,Illumina Genome Analyzer IIx,7668,Strongylocentrotus purpuratus,SRR531996,2,76,33287031,5059628712,2939503375,2012-08-08 00:00:00
224230,SRX173278,RNA-Seq,PAIRED,Illumina Genome Analyzer IIx,7668,Strongylocentrotus purpuratus,SRR531964,2,76,23572854,3583073808,2047700894,2012-08-08 00:00:00
224229,SRX173277,RNA-Seq,PAIRED,Illumina Genome Analyzer IIx,7668,Strongylocentrotus purpuratus,SRR531958,2,76,41562845,6317552440,3688362230,2012-08-08 00:00:00
224228,SRX173276,RNA-Seq,PAIRED,Illumina Genome Analyzer IIx,7668,Strongylocentrotus purpuratus,SRR531957,2,76,38008875,5777349000,3260446192,2012-08-08 00:00:00
224227,SRX173275,RNA-Seq,PAIRED,Illumina Genome Analyzer IIx,7668,Strongylocentrotus purpuratus,SRR531956,2,76,28122179,4274571208,2489063248,2012-08-08 00:00:00
224226,SRX173274,RNA-Seq,PAIRED,Illumina Genome Analyzer IIx,7668,Strongylocentrotus purpuratus,SRR531955,2,76,40709340,6187819680,3721591684,2012-08-08 00:00:00
224225,SRX173273,RNA-Seq,PAIRED,Illumina Genome Analyzer IIx,7668,Strongylocentrotus purpuratus,SRR531954,2,76,23510658,3573620016,2041738181,2012-08-08 00:00:00
224224,SRX173272,RNA-Seq,PAIRED,Illumina Genome Analyzer IIx,7668,Strongylocentrotus purpuratus,SRR533746,2,76,40143113,6101753176,3691642628,2012-08-08 00:00:00
224222,SRX173270,RNA-Seq,PAIRED,Illumina Genome Analyzer IIx,7668,Strongylocentrotus purpuratus,SRR531953,2,76,39519362,6006943024,3480493498,2012-08-08 00:00:00
224221,SRX173269,RNA-Seq,PAIRED,Illumina Genome Analyzer IIx,7668,Strongylocentrotus purpuratus,SRR531952,2,76,23677721,3599013592,2033389553,2012-08-08 00:00:00
224220,SRX173268,RNA-Seq,PAIRED,Illumina Genome Analyzer IIx,7668,Strongylocentrotus purpuratus,SRR531951,2,76,39895645,6064138040,3565293815,2012-08-08 00:00:00
224219,SRX173267,RNA-Seq,PAIRED,Illumina Genome Analyzer IIx,7668,Strongylocentrotus purpuratus,SRR531950,2,76,28625343,4351052136,2364707501,2012-08-08 00:00:00
224218,SRX173266,RNA-Seq,PAIRED,Illumina Genome Analyzer IIx,7668,Strongylocentrotus purpuratus,SRR531949,2,76,44674422,6790512144,4037799639,2012-08-08 00:00:00
224205,SRX173253,RNA-Seq,PAIRED,Illumina Genome Analyzer IIx,7668,Strongylocentrotus purpuratus,SRR531860,2,76,46823005,7117096760,4521329677,2012-08-08 00:00:00
224204,SRX173252,RNA-Seq,PAIRED,Illumina Genome Analyzer IIx,7668,Strongylocentrotus purpuratus,SRR531853,2,76,19829081,3014020312,2100319319,2012-08-08 00:00:00
214880,SRX173220,RNA-Seq,PAIRED,Illumina Genome Analyzer IIx,7668,Strongylocentrotus purpuratus,SRR531843,2,76,38306817,5822636184,3310289952,2012-08-08 00:00:00
389293,SRX274562,RNA-Seq,PAIRED,Illumina HiSeq 2000,6689,Litopenaeus vannamei,SRR842627,2,90,255170,45930600,33825350,2013-08-30 13:16:35
389285,SRX274554,RNA-Seq,PAIRED,Illumina HiSeq 2000,6689,Litopenaeus vannamei,SRR842625,2,90,208799,37583820,27481497,2013-08-30 13:16:35
389284,SRX274553,RNA-Seq,PAIRED,Illumina HiSeq 2000,6689,Litopenaeus vannamei,SRR842572,2,90,171542,30877560,22655649,2013-08-30 13:16:35
388740,SRX274009,RNA-Seq,PAIRED,Illumina HiSeq 2000,6689,Litopenaeus vannamei,SRR839236,2,90,125402,22572360,16520991,2013-08-30 13:16:35
388733,SRX274002,RNA-Seq,PAIRED,Illumina HiSeq 2000,6689,Litopenaeus vannamei,SRR839222,2,90,99563,16522650,11611099,2013-08-30 13:16:35
140339,SRX122290,RNA-Seq,PAIRED,Illumina Genome Analyzer IIx,46731,Pocillopora damicornis,SRR414925,2,80,12580416,2012866560,1075264726,2013-02-15 15:27:17
140338,SRX122289,RNA-Seq,PAIRED,Illumina Genome Analyzer IIx,46731,Pocillopora damicornis,SRR414924,2,80,11126114,1780178240,959048747,2013-02-15 15:27:17
300215,SRX218070,RNA-Seq,PAIRED,Illumina HiSeq 2000,210409,,SRR768319,2,90,27096107,4877299260,3300511964,2014-01-17 00:00:00
337633,SRX246491,RNA-Seq,PAIRED,Illumina Genome Analyzer,6454,Haliotis rufescens,SRR768363,2,76,28082075,3474300444,2270323240,2013-04-04 00:00:00
115907,DRX000718,RNA-Seq,PAIRED,Illumina Genome Analyzer II,362708,Pandalus latirostris,DRR001119,2,76,31198484,4742169568,4880733999,2011-10-04 21:45:22
115906,DRX000717,RNA-Seq,PAIRED,Illumina Genome Analyzer II,362708,Pandalus latirostris,DRR001118,2,76,27314539,4151809928,4271265992,2011-10-04 21:31:22
109983,SRX096027,RNA-Seq,PAIRED,Illumina Genome Analyzer II,6325,Bursaphelenchus mucronatus,SRR341939,2,75,16351464,2452719600,1903115657,2012-06-22 11:36:10
109982,SRX096026,RNA-Seq,PAIRED,Illumina Genome Analyzer II,6326,Bursaphelenchus xylophilus,SRR341938,2,75,17267877,2590181550,2004561343,2012-06-22 11:36:10
56029,SRX047661,RNA-Seq,PAIRED,Illumina Genome Analyzer IIx,79327,Schmidtea mediterranea,SRR125365,2,76,50,7600,13649,2011-03-18 08:47:49
308088,SRX220583,RNA-Seq,PAIRED,Illumina HiSeq 2000,6573,,SRR653778,2,93,56132648,10440672528,6842193414,2014-01-08 17:26:48
278758,SRX206175,RNA-Seq,PAIRED,Illumina Genome Analyzer IIx,55974,Acropora hyacinthus,SRR629161,2,76,18492498,2810859696,2008895077,2013-01-29 16:10:57
278757,SRX206174,RNA-Seq,PAIRED,Illumina Genome Analyzer IIx,55974,Acropora hyacinthus,SRR629160,2,76,19108917,2904555384,2057726582,2013-01-29 16:10:57
276426,SRX205320,RNA-Seq,PAIRED,Illumina Genome Analyzer II,937758,Cephalothrix hongkongiensis,SRR618505,2,98,26112259,5170227282,2410225831,2013-06-30 00:00:00
276429,SRX205323,RNA-Seq,PAIRED,Illumina Genome Analyzer II,187795,Cerebratulus marginatus,SRR618507,2,98,26688280,5284279440,2482412829,2013-06-30 00:00:00
230527,SRX179529,RNA-Seq,PAIRED,Illumina Genome Analyzer,95602,Eriocheir sinensis,SRR546086,2,80,21307691,3409230560,1999114347,2013-07-31 00:00:00
199724,SRX158099,RNA-Seq,PAIRED,Illumina HiSeq 2000,93129,Tetranychus cinnabarinus,SRR519097,2,90,26040173,4687231140,3065192748,2012-08-20 00:00:00
182868,SRX147011,RNA-Seq,PAIRED,Illumina Genome Analyzer II,7690,Parastichopus parvimensis,SRR496204,2,72,42787723,6161432112,3602083727,2012-09-18 09:24:32
182848,SRX146991,RNA-Seq,PAIRED,Illumina Genome Analyzer II,7690,Parastichopus parvimensis,SRR496203,2,72,44320723,6382184112,3944079359,2012-09-18 09:24:32
181299,SRX145445,RNA-Seq,PAIRED,Illumina HiSeq 2000,6239,Caenorhabditis elegans,SRR493077,2,76,141614217,21525360984,15202668470,2012-09-26 10:37:24
181298,SRX145444,RNA-Seq,PAIRED,Illumina HiSeq 2000,6239,Caenorhabditis elegans,SRR493076,2,77,111324511,17143974694,12843865529,2012-09-26 10:18:13
181297,SRX145443,RNA-Seq,PAIRED,Illumina HiSeq 2000,6239,Caenorhabditis elegans,SRR493075,2,77,163288190,25146381260,16273144956,2012-05-04 06:24:12
136345,SRX118365,RNA-Seq,PAIRED,Illumina HiSeq 2000,6565,Crassostrea virginica,SRR404226,2,90,26428921,4757205780,2699696649,2013-10-21 11:31:19
131114,SRX113574,RNA-Seq,PAIRED,Illumina Genome Analyzer IIx,61180,Oesophagostomum dentatum,SRR393668,2,78,21440437,3344708172,2113776799,2012-12-28 00:00:00
131637,SRX113900,RNA-Seq,PAIRED,Illumina HiSeq 2000,94034,Taenia multiceps,SRR396667,2,90,13723885,2470299300,1616943603,2013-02-01 00:00:00
131609,SRX113872,RNA-Seq,PAIRED,Illumina HiSeq 2000,6287,Dirofilaria immitis,SRR396668,2,90,13728985,2471217300,1547226767,2012-08-07 11:38:55
131117,SRX113577,RNA-Seq,PAIRED,Illumina Genome Analyzer IIx,61180,Oesophagostomum dentatum,SRR393671,2,78,21089689,3289991484,2036444410,2012-12-28 00:00:00
131115,SRX113575,RNA-Seq,PAIRED,Illumina Genome Analyzer IIx,61180,Oesophagostomum dentatum,SRR393669,2,78,21586063,3367425828,2131585799,2012-12-28 00:00:00
127951,SRX110652,RNA-Seq,PAIRED,Illumina Genome Analyzer II,6687,Penaeus monodon,SRR388222,2,72,29613680,4264369920,2507498723,2013-01-01 10:07:11
127950,SRX110651,RNA-Seq,PAIRED,Illumina Genome Analyzer II,6687,Penaeus monodon,SRR388221,2,72,38865759,5596669296,3456249793,2013-01-01 10:07:11
127948,SRX110649,RNA-Seq,PAIRED,Illumina Genome Analyzer II,6687,Penaeus monodon,SRR388207,2,72,29695294,4276122336,2506317690,2013-01-01 10:07:11
67369,SRX057839,RNA-Seq,PAIRED,Illumina Genome Analyzer IIx,79923,Clonorchis sinensis,SRR189060,2,75,31965154,4794773100,2485214532,2011-09-13 21:18:41
113248,SRX098246,RNA-Seq,PAIRED,Illumina HiSeq 2000,6689,Litopenaeus vannamei,SRR346404,2,90,13697473,2465545140,1588978201,2012-04-09 08:23:35
112413,SRX097640,RNA-Seq,PAIRED,Illumina Genome Analyzer,79674,Macrobrachium rosenbergii,SRR345611,2,75,9656267,1448440050,1041484017,2013-07-25 14:59:18
112412,SRX097639,RNA-Seq,PAIRED,Illumina Genome Analyzer,79674,Macrobrachium rosenbergii,SRR345610,2,75,12105094,1815764100,1521161808,2013-07-25 14:59:18
112411,SRX097638,RNA-Seq,PAIRED,Illumina Genome Analyzer,79674,Macrobrachium rosenbergii,SRR345609,2,75,11319051,1697857650,1260991368,2013-07-25 14:59:18
105331,SRX092198,RNA-Seq,PAIRED,Illumina Genome Analyzer,79674,Macrobrachium rosenbergii,SRR345608,2,75,17697018,2654552700,1864787182,2013-07-25 14:59:18
86917,SRX076463,RNA-Seq,PAIRED,Illumina Genome Analyzer IIx,129788,Ruditapes philippinarum,SRR281066,2,71,1820028,254803920,118312438,2011-09-28 02:41:57
86916,SRX076462,RNA-Seq,PAIRED,Illumina Genome Analyzer IIx,129788,Ruditapes philippinarum,SRR281065,2,71,1208884,171661528,129582404,2011-09-28 02:41:57
86915,SRX076461,RNA-Seq,PAIRED,Illumina Genome Analyzer IIx,129788,Ruditapes philippinarum,SRR281064,2,71,2005409,280757260,137031089,2011-09-28 02:41:57
86914,SRX076460,RNA-Seq,PAIRED,Illumina Genome Analyzer IIx,129788,Ruditapes philippinarum,SRR281063,2,71,1389090,197250780,141050371,2011-09-28 02:41:57
86913,SRX076459,RNA-Seq,PAIRED,Illumina Genome Analyzer IIx,129788,Ruditapes philippinarum,SRR281062,2,71,2533127,354637780,168403862,2011-09-28 02:41:57
86912,SRX076458,RNA-Seq,PAIRED,Illumina Genome Analyzer IIx,129788,Ruditapes philippinarum,SRR281061,2,71,1866927,265103634,190068510,2011-09-28 02:41:57
86911,SRX076457,RNA-Seq,PAIRED,Illumina Genome Analyzer IIx,129788,Ruditapes philippinarum,SRR280993,2,71,2056757,287945980,136541305,2011-09-28 02:41:57
86910,SRX076456,RNA-Seq,PAIRED,Illumina Genome Analyzer IIx,129788,Ruditapes philippinarum,SRR280992,2,71,1527586,216917212,149886049,2011-09-28 02:41:57
86909,SRX076455,RNA-Seq,PAIRED,Illumina Genome Analyzer IIx,129788,Ruditapes philippinarum,SRR280991,2,71,2648042,370725880,184508288,2011-09-28 02:41:57
86908,SRX076454,RNA-Seq,PAIRED,Illumina Genome Analyzer IIx,129788,Ruditapes philippinarum,SRR280990,2,71,1331568,189082656,130159974,2011-09-28 02:41:57
86907,SRX076453,RNA-Seq,PAIRED,Illumina Genome Analyzer IIx,129788,Ruditapes philippinarum,SRR280989,2,71,2714418,380018520,183840755,2011-09-28 02:41:57
86906,SRX076452,RNA-Seq,PAIRED,Illumina Genome Analyzer IIx,129788,Ruditapes philippinarum,SRR280988,2,71,2061092,292675064,206318198,2011-09-28 02:41:57
86905,SRX076451,RNA-Seq,PAIRED,Illumina Genome Analyzer IIx,129788,Ruditapes philippinarum,SRR280987,2,71,1841061,257748540,119185339,2011-09-28 02:41:57
86904,SRX076450,RNA-Seq,PAIRED,Illumina Genome Analyzer IIx,129788,Ruditapes philippinarum,SRR280986,2,71,1256223,178383666,133667814,2011-09-28 02:41:57
86903,SRX076449,RNA-Seq,PAIRED,Illumina Genome Analyzer IIx,129788,Ruditapes philippinarum,SRR280918,2,71,1871474,262006360,128143251,2011-09-28 02:41:57
86902,SRX076448,RNA-Seq,PAIRED,Illumina Genome Analyzer IIx,129788,Ruditapes philippinarum,SRR280917,2,71,1202327,170730434,129827073,2011-09-28 02:41:57
86901,SRX076447,RNA-Seq,PAIRED,Illumina Genome Analyzer IIx,129788,Ruditapes philippinarum,SRR280916,2,71,2241578,313820920,148340469,2011-09-28 02:41:57
86900,SRX076446,RNA-Seq,PAIRED,Illumina Genome Analyzer IIx,129788,Ruditapes philippinarum,SRR280915,2,71,1513833,214964286,162536737,2011-09-28 02:41:57
86899,SRX076445,RNA-Seq,PAIRED,Illumina Genome Analyzer IIx,129788,Ruditapes philippinarum,SRR280914,2,71,2135276,298938640,146026536,2011-09-28 02:41:57
86898,SRX076444,RNA-Seq,PAIRED,Illumina Genome Analyzer IIx,129788,Ruditapes philippinarum,SRR280913,2,71,1334656,189521152,140431841,2011-09-28 02:41:57
86897,SRX076443,RNA-Seq,PAIRED,Illumina Genome Analyzer IIx,129788,Ruditapes philippinarum,SRR280912,2,71,2373361,332270540,161450100,2011-09-28 02:41:57
86896,SRX076442,RNA-Seq,PAIRED,Illumina Genome Analyzer IIx,129788,Ruditapes philippinarum,SRR280911,2,71,1305492,185379864,136179006,2011-09-28 02:41:57
86895,SRX076441,RNA-Seq,PAIRED,Illumina Genome Analyzer IIx,129788,Ruditapes philippinarum,SRR280910,2,71,2605767,364807380,176848450,2011-09-28 02:41:57
86894,SRX076440,RNA-Seq,PAIRED,Illumina Genome Analyzer IIx,129788,Ruditapes philippinarum,SRR280842,2,71,2250235,319533370,233036713,2011-09-28 02:41:57
32590,SRX026729,RNA-Seq,PAIRED,Illumina Genome Analyzer II,6239,Caenorhabditis elegans,SRR065717,2,76,29115135,4425500520,4542013980,2010-10-13 18:20:57
32589,SRX026728,RNA-Seq,PAIRED,Illumina Genome Analyzer II,6239,Caenorhabditis elegans,SRR065719,2,76,73345377,11148497304,11442012500,2010-10-13 18:20:57
32588,SRX026727,RNA-Seq,PAIRED,Illumina Genome Analyzer II,860376,Caenorhabditis angaria,SRR065718,2,76,53171790,8082112080,8294893477,2010-10-13 18:20:57
